gender,heightCm,weightKg,trueWaistCm,trueChestCm,trueHipCm,imageW,imageH,frontPxLeft,frontPxRight,frontPxTop,frontPxBottom,frontShoulderW,frontHipW
female,146.62181532144666,48.83963732574303,68.17999945278706,92.45946916822487,79.93697186413965,720,1280,263.62192208396385,456.47853668073304,83.18445684381675,1206.9861783914134,295.74409279077145,225.39717498473877
male,174.2816969720312,99.31198971679228,99.11157492994815,132.2135171449345,107.39364351662852,720,1280,244.30740814197915,477.559585217708,88.16436445753915,1209.8996291667986,359.34677256872686,280.28005970841565
male,167.97693143473896,85.99819584772459,93.41027657771353,122.45944386231383,102.19093597971712,720,1280,247.16131744570342,472.966992466825,76.40949498822388,1213.2897798375325,352.7103610489805,269.45335853679427
male,162.24977939565005,109.15320647727762,110.07754864564201,144.09402215986364,119.56863350505981,720,1280,221.33023756276916,499.3253715081811,72.82943361642607,1217.813035544519,425.60222938325506,328.90872917596334
female,177.70890369330016,48.785293074174625,72.37371120570594,96.4696060902182,85.45534474169058,720,1280,276.9742593777261,443.72163961282155,68.54754167629973,1237.6323303933923,254.9454313880338,199.92941174164378
male,179.90391626599148,58.215677701703896,71.75739427980852,95.11866207332041,78.13914081156784,720,1280,279.5217959489666,439.5699054261282,71.49296380868547,1221.7305242242635,250.98315743936777,195.09618728488684
female,159.37152019496105,48.515155377358965,64.30879069546,85.62729890778272,74.51543050200925,720,1280,275.89672145197545,443.81084732715703,78.01563452899687,1205.5336441267261,253.65735480967703,194.39106871800834
male,187.91228896121552,106.39717291671477,102.3893380412081,134.65827037582824,111.92654767898509,720,1280,250.32240513952607,472.86063846789165,79.00946214652693,1231.8794756060722,345.5578498988011,268.29076795459736
male,160.31847979885796,56.61707633084202,72.90346862085892,97.65365445184413,77.80077097552639,720,1280,269.17560504848285,454.4127564287806,66.79440786767418,1228.4163735958173,288.7608744256123,221.75710011825595
male,187.8324973016375,86.32582505967045,88.09190892884035,116.29865794812848,96.37521334297007,720,1280,265.9973346680082,454.66426155330447,71.15137604483634,1241.1965114567897,296.34874523102553,227.9847395639539
female,154.1441785477763,51.46332324740324,69.62111030327114,93.04481524979876,82.59079151367897,720,1280,268.72138922987284,450.5241197031741,74.70825996035306,1208.369911121608,284.63012688405627,219.05597676611586
male,176.6112724200398,84.23952188607696,91.26976489929832,119.73990668887424,98.00965467031857,720,1280,256.61952329285987,464.20751665374434,65.85866348746036,1220.431900945059,326.30660836505496,251.4952888547782
female,158.9882959659533,68.52831670060891,80.83550155399166,108.35484436183839,94.38929270956999,720,1280,257.15215430973547,462.1365351524723,101.5840572884876,1225.2334132631968,321.6738518232461,251.44911815339148
female,160.1803860564036,92.16165507945497,97.30483697796559,129.73454165961704,114.43173115797357,720,1280,235.72483598594107,483.54952931028777,96.48627006401334,1235.7570378326236,382.5679596339557,296.67283930133016
female,149.82607219722493,84.61479761261762,93.95879960620832,126.46966874795109,111.62393569029587,720,1280,230.29328643274243,487.202944204648,99.59790714124446,1239.6314822394831,394.1822415045065,307.46800656531144
female,163.66252805931236,44.60021365284619,65.79045069406455,88.27108925070978,76.92064300833083,720,1280,278.0510785105474,443.5889564232354,71.92577960455546,1227.4641334047553,254.10233899603085,195.21841437645574
female,151.44226510418457,40.27378383146772,62.29897709407611,82.72729614835708,74.6010177583197,720,1280,277.292450372471,444.6550321273995,89.5264992323317,1223.8665128881607,262.446677765176,201.201292123016
male,185.71364225945348,96.84099721579372,97.71275927421254,129.05599558768014,104.58566929417097,720,1280,251.70669673709426,466.4692661066994,83.61642683808864,1204.4625849974498,330.6448727356371,256.77884070154715
male,173.36746673260217,68.72837999607628,80.87876295410955,107.73889910166662,87.47397214413361,720,1280,265.43324051179326,454.3031944461286,81.01351078509202,1228.6730165593779,297.1951309576497,229.40623264405224
male,177.66123624660534,73.48921665051512,81.20925151839924,107.81711117213824,89.06641036634477,720,1280,267.36121165588355,451.2202475288885,85.57002230232833,1214.706931757273,289.055712284142,222.60186280543613
female,161.25850579461914,87.21047209775219,95.45907687030287,129.15663258324224,111.29698606151092,720,1280,240.23100356633975,479.4642850298093,90.4295681362548,1240.2614275895448,375.72033201690056,287.2219175781791
female,147.55469358945572,91.89241073742039,102.54344203197381,138.24515531421528,120.78795669303918,720,1280,219.07171434257148,503.24092069580024,84.12887365311607,1213.482819785857,439.18896782003253,339.793673318364
female,145.9523509741169,47.385600396704056,64.81231711346356,87.23449009418857,76.54664517437845,720,1280,271.27010863216503,448.53800076192465,75.73747745376245,1207.661223555926,278.3456604048708,217.01006459077465
male,187.28395621445634,108.02953661192859,102.63413720195629,134.50397495192942,111.70247119672021,720,1280,248.0760069349402,470.17862031990205,97.85264528010457,1220.0088275611147,344.1383197461118,270.7816338049481
male,189.5023395641301,103.21205424711711,98.93777401525347,131.4086688253586,107.87643320128443,720,1280,253.56499432988164,464.37204079492585,68.62126200827709,1211.9676530381576,327.59247287011766,253.3095678173751
male,171.38785695284642,58.13179494660629,71.30045220103848,94.77635626148168,76.65529860176882,720,1280,277.02919851716064,443.1542243865813,71.74605325795912,1228.3683604887947,264.18032797540957,204.38854448397257
male,183.27225545437284,51.09715875986171,72.15310876514437,94.97575712457744,76.92192321033143,720,1280,278.84279247294126,439.4452239231441,99.11302081891154,1214.902745341856,248.72992539119832,190.20602617598027
female,152.33860868171556,48.803439555508746,66.62330611374392,89.2807899214713,77.14865905539332,720,1280,268.94492238464335,449.81988922005644,85.56510993996991,1238.9809084253325,276.1887017293797,215.8483679622575
male,194.74841927329751,65.2697721900635,78.39218755650444,102.10358003317148,84.86843183737024,720,1280,277.8662224484763,443.0538854265265,74.16212373307295,1226.8043075937405,257.12029206961716,196.48229595780268
male,158.35794938992058,80.15214844967302,90.25176377514597,119.72055330922683,96.94766657953262,720,1280,243.66399090835483,476.47542877766216,77.42494610505364,1209.2851729355853,359.13936069347125,277.10524384241626
female,172.47093752193402,83.83503230681839,90.29807311548542,120.0974262898156,106.26591003113349,720,1280,254.39277937784166,466.2574607350082,97.26892864616703,1238.0447687490814,329.56896443593934,257.9577301967561
female,177.04786806750803,60.7935171339813,73.420177374265,98.09784355986092,88.1215503009692,720,1280,274.78228135909893,446.29704772166895,67.16312698099561,1206.3396347120972,259.5920782056995,203.75862539738878
female,154.49179375942714,81.22480462137324,89.83630328015752,121.6099647507294,105.13721985511721,720,1280,242.1487821041554,478.3703807352901,75.71983559202097,1207.0108651279677,364.5928738027797,283.74315629264925
male,192.23063515980624,76.5506188172453,83.29392748493213,111.11661205565565,91.12390095858353,720,1280,271.7722984721324,449.69795034077185,79.41827750189749,1222.887543220879,276.24391640224025,212.33511685626823
female,178.34329682726963,68.59597001051283,79.14835149791796,105.97425867352294,92.23255710463019,720,1280,270.3237225536262,451.68362273292377,88.65965361302736,1225.161837024286,280.7554918273434,218.2730628299868
female,145.26622343533828,64.7686486776172,80.1701489173045,108.57071605215368,94.03942399512381,720,1280,249.02644971269015,473.456043079315,99.33612906629943,1213.0821698377538,349.2461252539246,268.9737351808719
male,186.28564038392597,108.67108391841488,105.69987360799554,138.7609997288952,113.33687095370749,720,1280,243.121203741073,476.0560546081693,95.7527226546716,1230.1803167279083,359.6292655343057,277.41522325693177
male,189.35027595091668,99.08433469814275,99.03051914355065,130.37769205312625,107.05229977462348,720,1280,253.12225396953582,465.82874585843405,86.01795724420539,1209.4488592388998,328.4093801506214,256.3226456560032
male,175.45174154759542,50.59617117408028,69.92796860335906,92.51955964929218,76.41580841314993,720,1280,279.71669076869136,440.3037841819055,82.00442752293532,1210.2501059469892,250.17719770768622,194.58366844654762
male,165.75209523023352,99.0484032561294,102.96375894035512,134.98309549560224,111.48812034109307,720,1280,234.00451191244386,487.46798533591186,80.37013185911277,1209.8276293243975,390.9111307479747,306.49876487743575
male,172.23970745671025,57.648517519105674,70.99346605534338,94.86372247402831,76.33342924667078,720,1280,275.34298604724114,442.1415220177101,89.13182214210978,1203.8811889604528,261.3004294202767,200.6977166937994
female,176.66922384161944,75.36234191941057,84.22414451431624,112.79454672277659,98.50331510485802,720,1280,261.3489512158162,456.6230677941699,84.46184120579517,1236.0433052656592,299.27127960906296,235.00365775615813
male,188.47039091362376,86.12737434913615,91.25238251831797,119.86278114319381,97.2032941981091,720,1280,262.9805124352866,458.67417070644706,93.03621511122302,1216.4694055564066,304.31598183504514,236.58169029544587
female,172.5359919732576,70.15967927664283,78.88844822479557,107.03317096437029,91.97354870166411,720,1280,265.5507181808468,453.6834163344623,76.17730155017396,1209.459528622014,290.641660134968,224.2280347349092
female,147.74047560271603,68.62964410513041,83.84334053093794,112.60346161632177,98.5198791696403,720,1280,243.0386922363849,476.36026536550315,93.86721660930397,1211.427580173233,357.64740362942797,278.25573122544256
male,183.24215546495566,66.19755100761967,77.67627893556043,102.77277110279013,83.10007446342236,720,1280,271.747000920286,447.24729810692406,67.9401057166824,1208.478607272637,266.2898383715553,206.59410090285886
female,150.83153111582894,92.58826150613123,101.5424996258108,136.9123891851768,120.41156732901206,720,1280,221.85829178590592,497.7956668135049,91.24545617984555,1211.3471497668033,425.3482542690249,329.2901393423478
male,161.83542609141995,84.38938065086509,93.73432745158773,124.42583147172203,99.89892050568717,720,1280,243.51101972305187,479.41401028933825,69.77040499512388,1215.8125613368666,365.41356204334596,282.49567713366935
female,174.1988497793687,93.97689421378638,96.36812354421303,128.19881633300434,113.36376391984895,720,1280,247.39185945805275,473.0499398422039,74.5135343536041,1217.4788039019438,349.6974062974148,269.5350078852206
male,157.0904956149187,66.12961279160261,77.4937825556161,101.17901826057019,83.51256161191671,720,1280,259.878495895993,459.3132749437416,101.03827665471474,1232.3816078524965,312.95259631669325,242.44386348788797
female,151.78235542564897,85.1251164081157,96.12426343353192,128.31077005257205,113.98539909876466,720,1280,231.20072498883565,490.35868245275867,72.91773133920115,1236.0081760817936,400.44695464974643,309.94742807337366
female,157.08015343330214,58.459224439584005,74.40549059641164,101.16405413654306,88.48339383241384,720,1280,263.1107156168674,455.74215947306027,90.67968122537039,1213.5499754166196,300.22016496814297,230.5630190471658
male,164.72147909256816,74.81687952605927,85.23141472224427,113.17788303203568,93.41893769579815,720,1280,253.25602456291955,465.4508125026351,83.77438360687478,1232.2117785994878,326.7618632304103,255.96038229981127
female,156.00441098343958,75.19082191242796,87.64675610223331,117.40696283708705,104.25874826402232,720,1280,245.4120958566242,475.6155346050632,67.21947298121566,1221.8818268014452,355.9388438428684,273.17863062248193
female,176.8280517806116,42.01114630766333,69.98142274512755,94.50660706944497,81.39620669486621,720,1280,279.5310406123937,439.7291784860023,91.41706172554638,1225.9057571069777,248.48243519451333,193.19065270111034
female,169.96299352770976,70.05554914108936,79.3260859964723,105.92778342723261,94.06802897179055,720,1280,265.41966452639105,457.0473304191997,70.16602236522019,1227.130753797982,293.7102683598291,227.28279442893398
male,160.20313298581615,52.05908882288124,66.74957087377592,88.63417366885447,71.88539498400715,720,1280,273.24481722048,443.53653057913533,93.71535948693868,1207.5888704535987,261.08657462165314,205.0732938179511
female,174.24642053951993,80.86865364633235,86.1274590875524,116.1299000920317,101.10769675583732,720,1280,258.76459706027225,461.881587133276,73.32507061939276,1219.8727258793365,310.06345997652255,243.78374557317832
male,188.33789001906595,89.99211906400245,90.31049570102823,118.27830867074607,98.17165424555164,720,1280,262.9703644789221,456.0909425741389,66.53290291397064,1207.1912502984915,305.11522566293854,236.81177116743362
male,189.203934911995,66.46378289075989,76.02169358202168,100.36195627845936,81.86517976566788,720,1280,279.1547483092575,441.1756832298362,76.34810270304912,1209.1978367431755,253.56340844238656,194.01745555944416
female,157.4346889434641,75.85333233630028,85.16370519808116,114.19725389072023,101.72817899137618,720,1280,248.35181446242518,470.86065257590155,78.9477833534542,1236.4710716673392,340.28231219951203,262.88874424638334
male,174.1358913356869,70.46605012037743,79.25374005857711,105.10325585960946,86.87745282711097,720,1280,268.05450417105556,451.05659757294757,66.21227984965579,1221.9423341534587,289.1691907746469,220.56557424056484
male,184.02958045121073,60.30629822576495,74.1113224672083,98.86382308273639,81.47044639148073,720,1280,276.0386823259705,441.2899695054693,71.15687348368911,1204.7414873682096,256.43223248318293,194.839475471016
female,147.77142591221465,94.42332946125808,102.96138251818232,136.49404388407484,121.59422736016364,720,1280,216.1803396236477,501.8184818821293,65.05602501318276,1212.8638652973516,442.8606807396323,342.5658012145807
male,161.4866663484179,106.61163000377167,110.55434146099181,146.2344464693361,119.4136837553956,720,1280,219.0896824855001,501.1745437323608,86.9915870774031,1221.180545526383,433.6765939782181,337.44688562077084
female,178.33410251504753,46.54923488978502,72.83001332286383,96.6671471878247,85.83090698945863,720,1280,274.86550118151,443.37591587356707,87.6604110977755,1238.1740821454164,258.42763426372585,200.60318362898732
male,159.7004618356851,77.53895635456456,86.30050921891886,112.9937334989308,91.7678644360715,720,1280,251.04331870730542,468.61496925189397,67.23377026409071,1209.8345882669032,339.1284738162269,266.21645960543134
male,172.3568674151075,78.19336594051337,84.41305478265859,111.03892848942364,91.95639758562073,720,1280,258.7410459224115,460.8267769465138,88.36800037522308,1229.474697940981,307.0275334156517,238.46187015668127
female,156.85490662673976,46.804725361251535,63.99759454070881,86.42417034983472,76.60458673949832,720,1280,278.4586760104889,441.1339222973061,91.0875776424593,1238.768766666241,260.1406596010255,202.43057569556547
female,156.68939872273057,77.42511046993182,88.51456767016282,117.34371322519911,104.98583793059204,720,1280,246.14774032614758,475.0482876966276,68.11572886034061,1207.6220304948968,359.0036044589735,274.9581904438436
male,182.39282651034733,60.43932090792149,73.95811914064616,98.59918609540927,81.01776794022453,720,1280,277.33157223179813,440.75025295855806,82.72267582854784,1236.0647026902293,258.71378527022847,198.20012825742077
female,173.56849016604238,90.46191626859684,93.80996336673091,126.67807204404603,110.43486936540467,720,1280,250.56493500840264,471.36554983091526,66.730827135392,1208.9866724382116,341.67210894793226,266.28384053992687
male,165.53239781697985,51.60454899750084,66.0472899748553,88.52050245710043,70.63746062378247,720,1280,278.95573405356924,441.0814687559297,99.5088353982128,1224.9759587554302,249.8081161988887,196.46961389657287
female,167.41665579176887,63.22290651849184,77.06145202616771,104.14570983465771,91.54970247585477,720,1280,265.4059744485247,454.8463617848904,76.18582564596753,1224.2669390673498,292.0230937808205,226.98912864344808
female,177.08455086030256,69.03903480877253,79.14153125810085,105.77865851660499,92.65904403752995,720,1280,270.9458756077819,453.03871162857763,95.41921448626374,1217.967485095543,279.8233820469993,221.0161600905825
male,180.02160256036774,68.12730334189504,78.7582327498219,105.02022967634538,84.17155131596223,720,1280,272.347008986917,450.12445065076474,84.20749316617083,1231.5820497779,278.58020587012015,213.03344805754406
male,194.3421695213822,85.5660282382995,88.67552157835816,118.19987455288891,95.98833749025769,720,1280,265.73283169215745,452.54868401028284,78.49940214673552,1205.1618158467222,288.20141996253574,222.23853490685323
male,191.03139408158194,97.04668457546725,97.6489241809321,129.82351662784455,105.79940752777964,720,1280,254.8117385529072,464.11838539844166,66.93485740899584,1210.2249363102092,323.10722911585486,252.86659608960804
male,164.00685206791502,83.15026220627166,91.74198158514577,121.24603799931242,99.08927073677168,720,1280,244.8152673832132,474.2355188093844,77.15162976727255,1238.0561582682456,351.7896015806905,272.2295961797082
male,167.89579068510935,50.52761039185016,66.0820106086613,88.08363404165945,70.88574688571542,720,1280,278.6003153126829,441.7556451388564,75.5023755328211,1220.5264396799664,249.82780596971804,193.9252055703746
female,179.18358837798957,91.3779592438269,94.84082185746239,126.55299036368501,113.0879894678085,720,1280,253.08313338665832,467.5671791509376,75.82721106513031,1227.1933791464014,334.79292872655515,258.5540697675112
male,156.595784669389,89.21518712232302,99.06851174101001,130.93517635356508,107.56090072113153,720,1280,231.85124554881514,490.02760844374774,83.48689997350206,1213.7635645754294,401.86492113075326,307.13693293659514
female,145.30080967945437,76.53844193258129,90.53023336741668,120.05571922619097,106.84160883633301,720,1280,234.36774857505685,486.15573298109626,77.46917989587972,1218.101308126502,391.69205748920444,303.6177928108848
male,163.0299700801448,78.825658662085,88.85528654402592,117.31568313415035,95.13971985804328,720,1280,248.42030251718745,470.4653024110881,81.50555674429846,1226.7371857096807,341.40586498728373,265.0852683395787
female,167.63329091260226,60.177998378858305,74.5865761606913,99.80431900594577,88.23581686650968,720,1280,270.65663582614394,449.0787059904744,80.40908970924025,1221.1771878474428,282.2127947035949,217.57161904920775
male,180.44779506028226,57.24413136820542,71.52684003750937,94.94472216126753,78.69318825574295,720,1280,280.6736218317318,441.1661934416962,92.59425655940156,1216.8174178259424,251.14383263139464,195.03656876457222
female,169.16616025781536,63.88863738443815,77.87866597228142,105.61321457193377,92.41735092590835,720,1280,266.4232133931007,452.6161942740906,100.69928015678127,1227.877246552765,290.4561433898992,225.5650664765949
male,163.88340592367467,79.59226206211349,88.20767149886717,117.2217448250868,95.18673032392728,720,1280,249.89346987663785,470.76618078677825,69.5910135387797,1240.7695812422887,338.03957995003407,263.86260519990344
male,175.14344563069162,78.17206938949259,84.72527072836506,111.7081443349416,91.07493934276567,720,1280,261.22742452403753,460.29559914687394,86.09524403020343,1214.1907528096185,304.9965279149304,235.3034766922102
female,154.16983789422412,65.99692474252224,77.83298143866875,103.84108582307564,90.36947746159423,720,1280,255.89122619115142,462.0795588753225,90.74116954645575,1220.1951287881495,318.2276017697211,245.61069048763488
male,168.5141796573134,78.61435717145949,88.91765979631107,117.95846551065274,96.62104232757697,720,1280,253.98585363667917,468.72649029639507,96.44851891136696,1203.7463876256836,331.33568066444445,260.45220875605816
male,163.26132136599284,58.69589644079631,74.35639367577717,98.03521788739344,79.23210117136531,720,1280,268.0821007263613,451.42742200875523,78.27267385631782,1209.011672001172,285.13474775035945,222.10138554484595
male,175.77038910332163,85.32699590455175,89.64770994725228,118.86602249742145,98.05898662618843,720,1280,256.5151483598648,463.43046738025384,84.0197380955184,1216.319387984502,324.22509513220854,251.50565293104023
male,187.14847746662406,80.32009327024895,84.06250727760357,110.9250337675657,90.92612048651694,720,1280,266.59269012420197,451.774912727368,87.19902257880285,1229.2296804503671,281.2226649813475,218.1814140039398
male,167.4509245171502,52.98754092764018,68.85167054321973,91.7688524616843,74.29783486207732,720,1280,277.4572285957498,445.26648710565775,85.75414815194361,1231.4564401772166,257.28665641677685,201.92664182979416
female,169.97494342495213,60.04537456066636,73.17106285144474,98.39392835779734,85.12808659888053,720,1280,272.7411767628215,447.3783300899499,68.71887371788756,1206.0554669860671,274.3556720513923,209.0776124951089
male,192.90935518466844,63.0994433269104,78.91879903094218,104.77977804123513,85.08530223212415,720,1280,277.6119876868529,444.65789146062093,83.82612404250477,1218.4907855951963,258.79080860456725,202.7597960118531
male,174.43205599402665,84.49924143226815,88.4041775412499,115.57024803417195,94.00338252963762,720,1280,258.50298449306575,464.98085779205434,85.48964349264355,1233.2290102120924,322.51065457172405,245.72610978023533
female,146.88196711562426,70.73200063991476,83.82002907186278,112.97578971617388,98.89135598790716,720,1280,241.81945748965003,475.21502691453384,91.42386675740173,1218.4230114288166,362.8572097501663,277.6194825531131
male,187.79642689630523,106.97911963737849,101.76873375771504,134.94692433028206,108.71720291048666,720,1280,249.5927018304024,469.9269819290782,93.19531310147221,1228.9011887785541,342.378960686262,263.1259557843837
male,170.80398278151532,74.09485116273277,82.64887186028457,109.78562313312385,88.23423078363136,720,1280,262.63264175469016,457.913487502839,99.8077929082717,1229.4229999307258,306.5252197708156,239.55280404492956
male,186.96969017418115,61.15574736239661,75.84190464119335,100.47912370317326,83.0951381386179,720,1280,278.5709090860988,444.1970359712179,75.72241108836319,1211.950286957383,257.08054299841575,196.40539323390976
female,148.0935381076064,86.41046675557479,97.9403241182607,132.04440724330806,115.47128132108601,720,1280,223.95895727291403,496.335456925928,98.21502276122096,1232.5055645080483,416.3053742708238,322.77763157351984
male,159.00140985857158,67.98558496258084,80.49526114664476,106.12276646139583,88.25837122663462,720,1280,256.98644635763486,463.75511783444057,71.21541263661254,1240.2157614758237,319.64730717602447,248.93060753403017
male,160.78951395008576,98.96828025519677,103.404370445249,137.20949073750364,110.76796618960013,720,1280,229.72354103637184,491.59825888514354,91.09035359354453,1235.7744966828475,407.3512519032476,311.72190374475036
female,146.07453623599685,69.1380480097209,83.8148194480029,113.56939097565436,97.75647498438427,720,1280,243.73558368033125,475.8663774067526,71.53445631510125,1234.455977378721,363.7054751251685,280.9935700914829
female,150.98743091612175,88.2663081697995,99.61379479187144,134.86302121826705,117.89634765001173,720,1280,224.16757713993562,495.86873768755487,90.47140984066189,1238.2078984624743,415.2057592669002,321.20032444524804
female,167.26341085733233,45.547051696724495,66.71496220924284,90.42498377217142,78.42843494627665,720,1280,276.9003542024088,440.30273832197196,79.83484867135124,1231.8567658236987,253.45902396319042,196.95414153955994
female,160.12127652932895,70.92097975823177,83.16195298138265,111.52436819951797,98.81744590630207,720,1280,255.71750954036096,467.12957232158976,99.9828418580133,1237.136559547686,329.94058669216633,254.02007030433865
female,167.53797584569924,67.1928998597965,79.57086228398407,107.17453024036132,92.6193454483246,720,1280,263.55938042073967,455.49810698231767,97.91177148309092,1236.12534781614,300.8240032202041,233.77778686154775
male,158.55406041827345,76.53402203306571,87.97846148993249,115.82341649412737,94.95136605690111,720,1280,245.24613160922206,472.80390346227426,95.74684689596904,1207.403831481134,349.78981713335645,269.4270795806265
male,159.19688205274502,56.958523126328394,73.55292976313676,96.57536975011531,79.92986776119345,720,1280,265.39780833036326,455.30581144816233,65.8329810511941,1220.3283765129574,290.6970970827001,226.26052023617876
male,191.04590644220892,53.150700435050304,77.15551623538892,102.91651224999029,83.66662036435919,720,1280,279.09960389721164,440.63641853854614,98.79439261484936,1223.1162591191096,256.39806960590147,196.38066077381296
female,146.4687292912939,54.966532847586336,70.21991466527514,94.19995547418198,82.37526574119158,720,1280,260.54729265753093,458.6314977827349,91.40818698770546,1217.7735184853655,300.49124304142686,233.80400252633552
female,152.1252262324202,52.172074138099696,70.20427805824524,93.45653294643404,82.78326794469861,720,1280,267.24637517616446,452.789498466082,100.89697788940666,1221.9619908775153,292.9490487664415,228.50683474977166
male,174.7779984033216,66.99133764799944,78.28460360982824,102.15498261015755,85.4689168198967,720,1280,270.02682108075925,451.85637228904744,84.94193054508335,1207.0036999363479,282.86546867446845,218.91989011306873
female,170.79065481946807,60.274161568577625,71.98342542241167,97.13862551946764,86.1562391782091,720,1280,272.62651160277323,447.19111269837356,92.06704025597372,1224.9140735763763,268.04945987266024,208.57794560154196
male,159.56786287978392,108.06223540123237,109.14214633487235,144.8060592699778,117.96303292226645,720,1280,222.22729696778578,499.64793372697835,76.70969409895758,1214.4520279368742,430.5450383570135,332.1153437516454
female,154.0576983435382,66.40062876853433,78.60816350634258,104.83655106472013,93.85746511398095,720,1280,257.45381614637813,464.4431474144633,92.56011145785187,1234.4088646797536,324.31188452227565,251.97569824379886
male,157.09557708960747,53.74892349444875,68.01624869798407,90.51393656624967,74.43765760506369,720,1280,273.3724343542171,446.6819530731226,95.30369042511691,1223.8366241910433,272.551921708565,209.0309146163554
male,193.8054035473853,67.91738368553582,79.36927168416935,106.15615567523076,84.74725694500911,720,1280,277.64018889696456,444.53382677352425,86.25550786694077,1230.178794126249,260.56685361342295,201.12156029750471
male,186.0577710954242,50.90911782815391,75.17437656646182,97.82488112371755,80.48655530783664,720,1280,278.24509110453295,440.76866799127953,73.9956451148202,1239.6725419497172,254.04930108400455,200.09184740635013
female,167.21698618734442,42.73090727593549,67.24397851420731,90.96719872574302,79.31947329250148,720,1280,279.8022565626693,442.65568715940566,70.088571245296,1206.0251070778347,255.1603977684839,194.84791273842632
male,192.70064476004907,108.05535809328578,102.22844465330905,133.53587330630143,110.90448564266937,720,1280,253.3345466671577,467.2965343004008,98.83280065922584,1231.849901535478,336.02004059042207,257.4013547119372
male,157.92535061167234,67.95960264383628,80.74412723632834,106.06443806576407,86.04665143709694,720,1280,253.88546489210316,466.11493383109934,86.28795058584764,1206.6257280834614,324.19076485238327,248.3434962022168
male,188.27879154130133,53.293592063081164,74.54745687534898,98.6070831258495,81.83356536887725,720,1280,279.2559809780088,440.1276883735171,69.56224735506348,1203.965211173963,250.47312160901598,195.42645459807937
male,174.38952346888865,63.54475525793248,74.96037382140997,98.2766137649806,81.70668934672344,720,1280,272.71977694993706,446.8525949706365,88.86341573573245,1221.2442593315072,273.9628302907856,208.7723583569748
male,194.97662770804914,63.59471392106117,77.10149736939904,101.97293489921661,82.99695371376271,720,1280,280.1680515229416,439.0003626838473,72.03166633343989,1221.226108502258,248.53640833794992,191.4856628755197
female,147.47851542013532,52.362261763101834,68.57635616871387,92.00812772703321,82.40509359099029,720,1280,265.99226007279736,452.8896136320229,69.36089779396538,1240.3081291668072,293.9326514736259,226.367463460997
male,160.06111710111824,50.17179122035986,68.2903779403651,89.84402252657304,73.56634415421472,720,1280,272.21108931973174,445.5971560746249,97.18782881991602,1236.526186297598,269.0959379890926,208.42558057378585
female,154.20229486030942,74.23640979127073,86.80985578179296,116.68085931964758,103.49275024108847,720,1280,245.44321119270685,474.2707499388366,80.91453110701543,1208.1021239607503,357.0894552286108,272.2859757492572
female,179.09031848648283,64.52226331991079,77.71104182830626,105.10019132745064,90.33572517926652,720,1280,270.52426367884476,447.7030342331133,77.30974850346112,1208.9461163258275,274.23729783159695,210.58777593334506
male,157.04505714230376,55.219674372935856,72.48616624326083,97.00112100529759,78.37069377971586,720,1280,267.48982974557885,454.47246701044133,66.40775477752264,1220.7649314793002,292.59876981885475,226.83629991956397
female,155.403818559766,90.90416276116818,98.58228842181572,131.64603580478075,117.29542304152284,720,1280,230.26957885710505,491.0121642798797,67.20678772540738,1229.4172693490382,398.9368975374963,309.28733289587564
female,174.5254844338295,43.16852230371112,71.12893035125869,95.58473347532797,84.31193857080834,720,1280,275.93345748643026,441.87968705900795,70.4614194352719,1237.2614475302835,258.8419701865025,196.4583944252917
male,162.57646690489784,78.22848412722271,88.52713739848397,118.22761793679493,95.36243292193568,720,1280,247.26623880971388,471.41960873467696,88.35523604266956,1238.9902147392602,341.7294590378517,269.071157582277
female,152.03641700470322,41.651013180510965,61.150890852326945,80.68595128831267,70.88406435878355,720,1280,279.1054382793164,441.2109228019774,90.43846016439036,1217.5245607849436,254.43912687045096,198.95815687635337
male,156.18746047857962,68.18111011943746,79.1864790157061,104.31915126630051,84.38762417355201,720,1280,255.14102122516957,464.5909353798486,93.79126592141222,1222.9255527828789,317.7936426129012,247.99410728534605
male,169.62731054158726,75.10579322752562,85.3326363658502,111.47451555467552,93.09734574839236,720,1280,258.58326982333506,461.3165963590333,75.17784078592791,1203.6818264780256,315.0429817830394,247.83482240919807
female,171.56719233083516,82.47297173159643,88.43812160512206,119.86582512502672,104.76891182789855,720,1280,256.18921449173604,464.4967957738067,101.09020899473619,1221.204268199096,327.5749094429548,254.50503865024652
male,190.20951758918767,52.321580982441574,76.90884182633032,102.45471053387563,83.91782819834751,720,1280,276.3741318055382,444.13385628952125,80.61971955442233,1236.123423300622,254.81879956731208,195.56090639098434
male,167.5606555186936,65.3085829938904,78.86677963431501,105.0515154463315,85.0438298972089,720,1280,265.5211387128732,455.2422735071829,96.39236775619003,1241.4061139460741,298.6202441491682,232.20460656591987
female,153.19486592474098,52.30169118444188,69.39571494916433,91.98153988384907,82.15818656616848,720,1280,269.50325214992824,451.04822176745125,70.8955370074296,1207.3751109513987,288.8654386759527,223.39153087124927
male,158.79985653327438,88.25843514400262,95.15424748471182,124.19239528012929,101.50318185169908,720,1280,237.1218398096397,481.30856650581836,88.25127121131356,1239.6003786357364,381.1843065431221,292.19791970644405
male,162.8389035686719,78.2570947886102,87.10252342775426,114.44187941165276,95.10592738636102,720,1280,251.10882370359263,469.9963454367043,67.72705697694894,1234.661312279493,336.98926415220603,260.0429936863036
female,176.28249323258336,73.6124182895275,81.39895720080946,110.12005314072245,96.54420664610576,720,1280,266.575862013951,453.61861231519583,77.5823088690303,1214.7809353258103,288.7132913621718,228.6558453758492
male,155.24477760057692,82.98252107162034,93.22520652170826,123.94876624447951,100.1009183766273,720,1280,238.24320837321173,482.00083957915757,72.22023284440925,1228.5010250387318,380.29051374389326,295.8458266177598
male,179.88940054928634,102.85121322953276,103.20988575590574,135.40705257146277,111.2432434949814,720,1280,242.93162479734085,478.4571944761894,100.08739978477547,1213.9488658429652,359.7836480522927,278.39611397421174
female,165.0666746769344,69.13071404823594,80.31631076915227,108.92921603689538,96.12407743001654,720,1280,261.5998816063818,459.2920392176488,76.04802538887598,1208.5870373459688,305.36760940579586,236.02900717710176
female,175.48748303728942,77.72574270723572,85.49780724233233,114.51334069075544,100.1107092690885,720,1280,261.27479635628,457.82263560134646,98.41299258822097,1230.2265078461248,310.6518956523269,240.72322831633235
female,160.76495506680087,53.132144017687736,69.68550076868806,93.89302982026405,82.80940874398578,720,1280,270.84647766420926,449.8168445101513,99.91150081315354,1213.4160181560803,273.4364688343695,212.38156643406913
male,175.49022736926943,61.747651039700685,72.65361467491574,95.34650676144133,78.34713462462922,720,1280,274.60051296204455,444.7029624034438,75.56701839442746,1226.2219242899666,259.7949922515525,204.23757749560065
male,159.5515784182354,86.2859093194319,95.06665270677999,126.3140107218229,103.53817311546925,720,1280,239.44990301717743,482.57560272643394,70.09804255468259,1230.689153051317,373.73424351024465,291.38189428957554
female,176.74307547950414,68.02408138963914,80.54948689209449,109.11753460310597,95.55484413430963,720,1280,265.7323005316945,452.16565692447386,92.61751810498615,1228.9408501444827,285.35444601907903,223.22237924579358
female,164.08681518552763,40.8652133881871,65.20376490484074,88.78339360048896,76.04822245557052,720,1280,279.44140629417143,440.7487035153304,100.92464620363005,1222.6444219186703,249.5062844435168,195.78267571722367
female,164.72407537597488,42.2068517960876,65.5525992337969,88.90505592642104,75.88627588114419,720,1280,277.48814026985815,441.95698320436725,91.53391136763376,1212.4382058511553,250.35509261712218,193.59957057119829
male,175.66615755223796,63.70792374036651,76.52250636586332,99.76120251893741,84.0910812165703,720,1280,270.64464631202236,449.0286925345763,71.377423298577,1221.0391822460301,272.5635265577209,213.46466627756416
male,194.02239444252464,98.26919809882591,96.95206101133374,127.61010769508,105.15790229145527,720,1280,256.2383634267327,463.2636494192442,78.16342675270883,1239.969958841348,313.68320705808674,245.62552126515203
female,154.37249230272994,58.261160331257344,74.65833462812387,98.5479633719029,87.02727776581209,720,1280,262.5823808253658,458.7519403435637,74.7559712920289,1221.5587391174072,305.13507534838004,239.37000849515547
female,166.1539052271858,45.37370594183293,68.11018718573648,92.32767562720855,80.44841101545686,720,1280,275.1006398286519,441.93290910321247,70.63103890594718,1222.5417591282196,260.67170164031137,199.99394492892233
male,168.68633108417527,78.23037922834372,85.34450239441937,112.2836549637681,92.17378556103878,720,1280,258.67378655021037,462.20494718725354,76.93744442320975,1235.9660784831065,316.9112158515878,248.03979204124778
female,152.74035836220665,72.78349949150268,85.32415607933889,114.56061402671142,99.5232699052989,720,1280,244.5009876910935,473.99605406940384,84.89438111985052,1233.3519873848845,354.9294355655068,272.4872217463357
female,161.8829459823456,90.52096046562804,96.17085567216749,127.86527742543493,113.93371385780547,720,1280,237.9709766660053,481.9552365205747,71.18207006307541,1236.815272533368,375.56512134399526,291.0679352493638
male,164.7420523737888,95.60458184808297,98.45280900876966,130.68421580779275,104.84731516947153,720,1280,238.63839166772658,483.17369606067103,81.16273205251575,1235.8163612353624,374.65968539823007,292.1515153430155
female,160.39619164368833,72.86698608279602,82.42891606296914,111.66787253930592,96.21274696593498,720,1280,255.12360859196812,464.7817466477024,99.5583905152534,1218.5720441365163,326.0885233231756,252.84029034644135
male,167.10172484633242,80.54053838258234,88.96884553847033,118.1342117739447,96.21360267183285,720,1280,252.26767812185057,469.95439715182755,100.90608586317427,1226.8406424957827,337.7510221842325,259.10346478568664
male,168.87021184863747,100.40449350330604,101.7721352836834,135.30889268192658,109.30433899288447,720,1280,239.05577752397463,483.13700706524963,78.44919304959471,1219.0735462813118,378.0614278056668,292.0632599466069
female,148.11648276849797,90.97612513025055,99.65208082474825,133.96584868912583,116.68780890200874,720,1280,224.19582253836847,496.5917721568805,76.46181449843952,1213.1674116806266,427.29608732825284,328.17335950501456
male,177.87325967746682,83.27317504601254,88.17725580220517,114.92011949467371,95.13252181337053,720,1280,259.9696642150637,459.4570953256722,91.55167743585284,1236.956959237592,312.401330426477,239.80534950310306
male,185.96361636576754,50.00574264527288,72.58030785838702,95.21165290754193,78.28428290758117,720,1280,282.43640168958575,440.9651672548905,98.77964936295385,1233.657215400725,247.33851398879477,188.3543742606943
female,171.85131701005267,58.70178027012332,74.29856480670094,100.59912469821496,88.30158829232705,720,1280,273.78390630044765,449.1396081266762,64.1020222280895,1208.6679720916347,273.1779832284388,212.0909552481374
female,154.29949953310097,79.86233030663428,90.95727747827368,120.81747603490624,108.28949581913754,720,1280,238.9794776241844,478.8719014576812,72.04493334286093,1232.7166038236492,370.67910822457844,288.56709759018787
male,181.74135573871172,96.6901580337842,97.316427810926,128.86242930143248,105.71464560033759,720,1280,250.52471831008833,468.0009948214146,81.6423951831762,1235.3819874866313,339.26879664420886,263.7599792645628
male,168.93491814894134,75.00920581467211,86.01046372229557,112.1002960371795,92.33919911304659,720,1280,256.8939407610473,465.03548404196516,83.54696797266051,1228.6624392279227,320.77490947872803,249.36263563346932
female,169.53123264726392,65.11353758195655,79.18905328350475,106.2027544752551,94.8563275487149,720,1280,265.06751617027896,454.7976753181251,73.12491977406671,1213.6532405164924,294.1826376136281,227.0027076758756
female,174.36900830135374,40.04639035768821,70.89854618128079,96.39054803909934,83.00680520433095,720,1280,275.6136297326153,441.34267676775215,91.66206656742528,1225.2892471755374,257.351147074848,198.93817616681216
female,173.19056767943817,82.35705950973083,87.54426768761105,117.5244148550105,102.50681160147442,720,1280,257.240735185431,463.42823030464893,82.81335236179686,1238.1932458103975,318.1123727137916,248.01153473326772
female,150.554030380028,91.11614881414945,100.62332467708141,136.19758855964412,119.4991232256529,720,1280,225.32261440126408,494.4412977883213,96.90712820164518,1214.7010951561979,419.24403509469136,323.89473355658924
female,158.99183169101906,84.9077992985092,92.2236141297548,123.72927421807047,107.94136873468008,720,1280,241.7618381070837,480.04823645077147,82.04109964718981,1237.3515648706823,366.8415872696378,284.8399114453474
male,162.2963199037316,74.29225418539065,82.97972972773518,110.6571491502657,89.68549961575883,720,1280,254.0313985258446,462.5381505126765,81.43544373603922,1234.5429829433185,319.9879295090513,251.42028779758732
male,160.28656501506376,92.5486438143058,98.02550433598282,130.69533392019449,105.83851133089456,720,1280,235.75031663605148,484.8153750394424,89.7651633264711,1231.1604072818282,384.86938749640007,297.4540644752047
female,171.57075338936497,50.588306943854924,68.7417988296553,91.22251928759398,80.21177644493905,720,1280,276.86686047935444,443.00000423871086,71.90702064664269,1235.1339104835351,255.3188488060837,197.79949464622345
female,163.89680411590507,80.38010041543059,88.88606252560518,119.10763394240635,105.61877612514493,720,1280,251.43048772424305,468.8183693389782,67.76187665923204,1207.6847771403025,344.76770414522565,265.32279951917354
female,179.7891222537477,61.918838882325666,72.95946434068485,98.71453281909318,87.15982413843246,720,1280,275.63524591668795,440.92229828699027,101.67893076561647,1211.5742547916905,258.85252310435646,195.86501833930723
male,186.3761291254038,101.46855927291067,101.16532238894543,134.38003363245073,108.4877278391633,720,1280,250.80740276009595,471.6209411423757,74.85330812175191,1213.5177087389434,344.6511836445415,267.2954878592202
female,145.74047112074496,82.58652803873613,93.19435598021204,126.28582554659263,109.29604860994478,720,1280,228.53236371023687,491.67798403560255,90.26244387773603,1233.2475756398296,404.9306215644768,312.1254756947236
male,170.25861337284863,91.08729181877874,95.95250121902609,128.11377070939665,102.96018651560827,720,1280,243.41337556113956,475.6876012142353,98.58913823888214,1241.5696836559575,354.3918669725019,274.4757530346294
female,162.05700242198543,57.3727973880343,72.78095123904338,97.73045607351136,85.43180732604188,720,1280,268.84345270369676,452.2128626000432,70.73611811007106,1206.9019326515936,286.1504588746131,220.7817571947288
male,165.7456389906248,66.80523721345497,77.68943195033036,101.34671551440981,85.24638083308693,720,1280,264.7960113112702,455.23861066022624,98.79979485218652,1208.2909652374574,295.21161126130977,229.67517252231607
female,170.31013609233864,51.91445545074855,66.1401746609382,88.68292686861768,77.31655326786208,720,1280,280.9281596112188,439.0653101177604,87.81129365541757,1229.5149535677206,245.3940032292333,189.19702491404726
female,148.65728719228426,41.437664953618686,59.25460119102508,79.54119570670846,69.94288310322233,720,1280,280.58972299069245,440.9427715931274,95.70199011838154,1213.1902116115261,249.81046845450925,195.42865633361606
male,172.39756060522387,56.504301441977795,72.342726008976,95.44968315448315,78.50123349800091,720,1280,275.6398399227022,446.64689837224313,97.66506520982855,1211.8454963148324,267.69844277594973,206.0283937225545
female,150.97925864153063,78.20030521399877,91.64881398993548,121.31005853974276,108.86468476477773,720,1280,234.80503804949137,482.5941939726751,99.30362650296547,1222.3678819556762,381.30208318003486,294.54885346188416
male,167.5959325037852,91.5571572006237,95.95107118128897,127.38919997839321,102.4402832418065,720,1280,243.14241845270394,475.6864279989115,87.50662946189965,1210.1644795379477,360.92010109575347,279.7231697712062
male,158.3899157941353,81.288801725928,92.24250262550277,121.24421926132459,101.02547394150633,720,1280,243.1275341891603,477.2148522789702,91.70049652320957,1220.302349778793,370.4067119954379,285.3829112436482
male,191.74039864239037,65.40267291298123,76.36267325801987,101.16668654471835,82.91538110678962,720,1280,279.0196797535431,440.16436514698063,64.01937530166666,1206.2628559543655,252.1380830306823,191.81195503464863
female,147.05858464439,88.97332272513793,101.13803810948484,135.06002851429275,119.67601250516378,720,1280,219.58549980050122,501.352427400119,71.04240197976384,1214.6697041253303,434.20078271256875,336.1526009086211
female,160.45501440265812,85.28063109055893,92.40090187006591,124.19695619392753,110.14069126459401,720,1280,240.73822849405758,479.1779276347157,81.72586588634462,1233.6292120149635,363.5929403273294,281.35470985582964
male,157.9664394103913,68.29604920277882,79.26022375529647,104.96005814885841,85.82204748997614,720,1280,257.0395551486629,462.50140024312026,86.20068928540847,1229.3356103062436,314.18033569353656,242.5676221256723
female,166.0266055417584,81.97166806297344,89.75804427165963,120.05809368181504,106.54909311299186,720,1280,251.57811448105062,469.43909278365146,70.89071385135026,1215.3353191808899,343.41370691409804,264.69929146285506
female,176.6020908718686,47.14304516370594,72.42450782513922,96.44937986863063,85.80977704331305,720,1280,276.5808744315251,444.18243270418293,91.86904035304734,1225.4898134014713,258.2127873861837,198.3549385183984
female,166.74729555302466,78.0720306227741,87.1494020375772,118.27439831446988,103.65711282996094,720,1280,251.85957059157656,467.9976707395984,67.83620894853343,1232.168350645269,330.87752307500386,253.1652890211088
female,158.50725855839926,92.05472633851609,100.07257051681583,133.3635260362757,118.55494509454877,720,1280,229.89549974510078,487.66925072766446,98.1786907699916,1213.2166231386511,396.29895758116527,306.235469090331
female,177.0756160850112,93.4807576984714,96.69095567532997,130.15769070513048,114.2789483477258,720,1280,250.67617458111442,470.52192976852297,92.99624677478279,1207.9066335185173,342.4871063971641,264.57781116610005
female,167.84746691347465,46.810631244637136,68.3059796423011,90.16679746608875,79.11393156469198,720,1280,278.0760231742618,443.5785573156943,92.33703445608698,1239.9777448464304,257.82934097290394,200.41061882429605
male,160.52728265406057,93.67871252976666,99.96953815046395,132.99890566156375,109.12901077107645,720,1280,232.61581315474632,486.17873551250597,89.90035748110952,1209.8216131058377,391.5417847692582,307.2220969272412
male,185.12543860352406,98.97926367682904,98.78089882801302,130.96743126444696,105.41194894558791,720,1280,249.81823059288087,468.903260390335,99.45690193716362,1214.926902270133,338.6434315000665,259.4241966153575
female,173.60173891677937,42.34028989089637,70.03554252645078,94.70650872033623,83.92133403641523,720,1280,278.1761730031109,440.8587906127976,67.95224646308294,1212.0095945021008,252.41920194608184,196.68585803158683
female,154.91261059956528,74.0576478438284,84.08143523462537,112.4904834045942,99.51882517145675,720,1280,250.0602788049633,469.9725202777334,83.23039765335875,1221.3231236217746,344.5724379628818,263.7571260335953
male,182.6763594401138,61.757452163137685,74.18848679531459,97.13331965624987,80.75318356294353,720,1280,277.26281537339685,441.0275292507374,79.37250580875785,1237.7026626705256,256.0983298608416,196.57346264257833
female,168.09153080939276,76.13849079847377,85.55044524102048,115.40602839543283,100.03524665560974,720,1280,256.8362569799044,463.21360028369367,81.97929538251294,1207.8624577892563,320.96770234113603,246.46811414162696
female,148.5109088768229,93.04404504459836,103.10312449780729,139.61296609743826,120.5482448963802,720,1280,217.62943911040418,502.9361694552877,101.84850257792027,1234.5221405492182,437.6505996185558,337.51358140219963
female,148.43718490718675,79.38334187235722,91.73837211209549,122.60115711236443,108.23737114164896,720,1280,235.010421806897,486.62105367412664,64.10803890538494,1211.9268806222187,389.71452262178093,299.63284629381224
female,173.14527305393682,89.65063137127373,92.255019185661,123.09841907783446,108.80313021916957,720,1280,251.6613375381946,467.5265961124575,90.98977721899594,1205.6604262241126,336.9491923980862,263.060348042307
male,165.89621010633738,85.97819752116453,91.19994374838843,119.63309130217762,99.14391287645537,720,1280,247.3652914048091,473.3885619595283,82.28014181405426,1224.8219609894986,344.4201579166362,269.40184816006155
male,187.00763073947977,82.62237279985843,89.16389675333588,117.81012621388255,95.04281951977302,720,1280,262.82697423350436,455.3568409027934,67.69607745846838,1230.5774819718147,303.9083734137801,233.86060376022488
male,194.83947740665863,62.54995238256762,76.53289356983873,101.50037268392387,83.11477329885294,720,1280,281.42817412666955,438.7373828584779,73.5567318196082,1231.4990709497497,246.3352340808613,194.34722809812098
female,158.3703735122622,77.10163757660457,86.29949851020511,116.18797406572305,102.97549941328505,720,1280,249.18722029568542,470.70848195636336,99.14965097417743,1229.0856491889563,344.8572037297446,264.15284348523465
female,160.6188306363372,66.5185332771733,79.75100950814132,106.70512896987103,95.59192872536212,720,1280,260.2902194482295,462.53893232178694,85.83182626762533,1225.6005930859194,314.12368270176665,241.23169639823809
female,178.9944505818506,89.01842872371347,92.32604248001613,123.47265421396216,107.47540995417198,720,1280,254.826942419507,465.16603236703924,78.44098439723248,1238.3914174015833,326.6967113741547,254.56763918329776
male,190.99183364624724,67.27943989523921,79.10543952203972,104.56559379241148,85.72281331543607,720,1280,277.29649756016556,443.3966945395998,75.22070396730906,1209.8768103837508,261.3891381408615,200.19968921162092
male,168.9451402328871,57.94767269673787,74.18289664720909,97.03527569309514,79.2259034465215,720,1280,270.64009075181775,450.0819020402184,67.63809674344957,1205.7561468585154,277.3091967278652,216.2883622004861
male,173.02216773415708,72.69040859236446,82.2904485568262,108.94344131157617,89.9193446106929,720,1280,261.26251135551036,457.9203224897282,78.83560967775814,1204.6702210183435,301.99155980855255,234.16558791729176
male,167.7179554785345,106.57854973197327,105.37534149085513,138.19227332462262,112.70802667686051,720,1280,231.92080336029073,486.5209881213352,75.8659049602176,1221.4800620664578,396.64024677440665,305.94831845721427
female,156.3758988660815,74.83896105302733,86.98226782397941,117.49871304577364,101.53823531997666,720,1280,245.56862877804033,473.0198146253184,85.41097317367282,1226.5032816899015,351.25351709249384,272.0980449833147
male,193.86853004831397,105.54329173233481,99.30152002848159,132.5256929964863,106.26738556020223,720,1280,257.12147613314727,465.47156445522876,69.80329762979001,1228.2899828551356,323.1523786092928,252.74418936616144
female,160.48168294697996,55.57586883967675,69.68364897238321,92.899422179793,80.79404799328833,720,1280,271.5807532284887,447.25949608121635,95.23312311360606,1218.1079985100341,273.056034020631,210.90667895623983
female,176.7613781779106,66.77881011236607,78.5086457112882,106.4705359149624,92.08113126311027,720,1280,269.60330325669975,452.29112803695546,91.23602745616799,1210.8080840245957,281.2064908515315,219.21639180891052
female,150.1252809400416,79.26312977872217,89.79206961496027,121.01210442186304,105.03352533603015,720,1280,237.94543503006778,481.26107650180256,88.29680788883095,1225.8505185438862,377.6350597002119,292.1022137799469
female,171.05058059092204,77.1916048210212,83.99994185168808,112.82935921147126,98.48645837451392,720,1280,260.202241065497,461.1791864005372,66.32960953580556,1234.299522881515,308.8424930951154,241.24085504066312
male,168.96257043054024,108.97434861789148,110.16479460399131,144.80317725571012,120.16789845650219,720,1280,227.1786429725614,490.832649283887,71.54667615027121,1211.569925599383,412.4591693343889,316.53471127733746
female,174.9452023303385,41.83742331841172,70.9607214023502,95.87162723410214,84.58419035690976,720,1280,276.5315948915923,442.8915462643842,98.03094756215827,1208.7731247400272,255.55786418052722,197.8186372845353
male,176.5773728900906,59.40368804008781,73.2312720615482,96.13930577434085,79.38157755378457,720,1280,275.2774239702306,445.30209963643927,84.19057821717524,1209.8352639737398,263.25632323087854,200.58990524834687
male,170.90303203528728,86.00560013322087,90.47250129734647,118.19041687714093,98.5516903332547,720,1280,253.37472467882114,467.4176330277212,84.23899667361798,1237.5639000167548,332.37655900961414,261.1404276520298
female,153.62666846906927,79.04452239388078,88.50113491521,119.50852133981056,104.5869882757821,720,1280,243.4308141591065,478.4108844535106,93.33013626718126,1241.3170976345928,366.80906887559837,279.8911620041031
male,185.13797731031377,100.07614236969488,97.28808539726427,129.71263404701293,105.41459138140407,720,1280,252.40528082432488,468.4832724557859,90.96350909070028,1219.32285814014,328.89730569377474,258.47703494853886
male,172.97960197796567,107.74503966120469,107.44651184212671,141.13950644547967,116.35086399820838,720,1280,234.18404027685324,488.2379001872887,74.24841384875438,1222.9636368272572,395.2405584461627,304.08102501915886
male,188.8942659035656,88.65166970813794,91.24909043884577,120.8162411609506,97.49411888507024,720,1280,259.59494960277107,456.44036394244426,80.44574285831669,1206.238444404351,302.12088735679913,234.4742799113366
male,169.10571943026426,94.34015210543046,98.65382760130694,131.4024233089331,106.13011786752544,720,1280,239.48925614736893,477.8692704216675,83.32170451787383,1220.941507812982,366.6088269850282,284.9422787716589
male,167.9790106584047,50.857086338888415,68.41264187865316,90.84421305141068,74.63109020264942,720,1280,277.86395209729466,442.230065883246,85.55470510042902,1211.1297455707838,255.78291200702967,201.40503129187817
female,151.36476343998845,61.41136683944248,76.07583826242188,102.68904360975323,88.69124684528846,720,1280,258.5718513325446,461.053400834815,89.65895488437894,1219.0538548662746,315.19707334359475,246.9438560950995
male,192.97690623173935,107.93182454688906,101.78125760094531,132.88047885494578,109.31893474455444,720,1280,253.54296603784098,466.3345372327733,90.38624481458106,1225.6802689661777,330.248840096995,258.1217633610543
male,182.71170008750485,63.717088063807864,73.6506655146384,96.96519813895691,79.31171942462203,720,1280,276.03108661884943,440.81159495491937,77.29832529631896,1211.6237050105947,252.81972620716076,194.47755886445162
male,167.2931523179644,61.71546752218282,73.775357717592,96.55741194537177,79.25194624939134,720,1280,269.90771565965383,450.32107782845003,72.30648022256479,1237.504164468041,279.93092599413126,217.12651293560094
female,156.32644776054823,79.08596751102857,89.66580373481791,119.51915080030115,106.56689295011859,720,1280,241.75597514796507,478.26766497110486,80.0552361935796,1239.470121730744,364.175825329258,279.8006531626375
female,170.73640801610873,66.00856669297866,79.14164431620168,106.46237301742578,94.08738833551278,720,1280,265.6774014387252,453.6026336178892,94.24547998149345,1240.3492975402376,295.6581048384819,228.85551363114539
female,159.23433350755343,86.026294617608,94.81302232214385,128.45011824934107,110.9667194854101,720,1280,239.45994000318132,479.8164486884326,98.3178641797605,1231.051895108262,374.3541012346563,288.45113873592703
female,147.53605827872084,53.99327642325127,71.71023003238614,96.56520012099996,83.2474494135183,720,1280,259.1970402624235,460.7431212482706,98.69228669105516,1224.078884887956,304.7072938370274,237.18506721282114
male,175.50267651547966,105.60741062424263,105.12230777021215,138.6580425363816,114.45639846919158,720,1280,239.0517910889571,483.82139667321405,67.54637819137312,1237.2628570530064,377.7680967936674,292.06289070019136
female,153.71854780769686,64.94292711088633,79.15150323941745,104.6884633860624,94.03121196103986,720,1280,253.68315400449785,464.8295310669222,79.11726061849595,1233.630246897477,327.75252303141576,251.38716302359938
male,162.99071931921418,78.95473248658547,89.13007445017482,118.2080710643805,96.55312191434727,720,1280,247.7260417382619,470.3591759411597,76.9236172238381,1232.1296173261812,347.3251961689537,268.8805513836568
male,185.11136888590724,59.58837264022041,74.7007266278759,98.11513694244064,81.43023667103769,720,1280,279.3508073104634,443.9024119465055,74.59815473242683,1228.330009540563,256.44650732720413,198.63859054707942
male,182.1078441708912,86.62465712142992,89.26348617356769,117.16701951013488,97.30752344804164,720,1280,262.1011943309109,459.7341074263878,91.79561465046383,1221.941962596995,311.87610372614563,242.4301487061892
female,150.05160994059204,51.81301400770971,69.30142777706953,92.0682046619169,81.01123931912296,720,1280,266.9482476764002,454.44183619299224,79.77456585902301,1236.054147869658,293.0012512834107,226.92326108944664
male,187.56774780995784,89.68933487665149,92.24227709392157,120.78299819716959,98.49169740584139,720,1280,258.35182884115756,462.0051018229042,93.18506339378082,1220.9851216171535,307.9142631774392,241.51840006600676
female,169.98560603039186,73.59159468961724,82.19299409846589,109.39875509051754,95.62383349458511,720,1280,261.85567961039476,457.4803949772406,83.96682378695215,1225.782868939293,304.5689402002263,238.9734672548533
male,188.6985544499282,109.0431318734788,102.29038042693982,134.89123466375412,110.98410669704646,720,1280,248.93475804007875,468.541908656754,97.17329027294171,1206.728483121901,340.2713234439434,263.09029096895495
female,154.37243270331942,62.58814230957453,77.46139713000503,103.25633169006863,92.59112052989423,720,1280,256.714883099717,463.2784801253776,67.21839003750149,1205.1655800527778,317.0462364965277,245.9866508473617
female,157.30071217474665,85.87813001590807,93.15833677671067,124.8764840484049,109.0896718949835,720,1280,237.56034510101975,479.5074791309549,71.11212710657702,1228.4285136172232,374.446487647451,288.8606607577194
female,157.31603015006237,83.0415343613086,93.75427893811685,125.469993427147,111.74095840951348,720,1280,238.7035566233778,482.9276875079337,88.42795770098077,1238.1457398597647,376.2252563646409,288.7916384172942
male,161.77695488754648,52.50338386825907,68.5068775022093,90.87925306407375,75.40383618403052,720,1280,275.6046460245001,447.6576852253733,88.43348879839948,1233.4626217833884,265.9750009441471,209.7079488347866
male,191.36080687700357,103.84534735475482,100.45718747011632,132.84034415610873,107.07958407911944,720,1280,251.104102028634,468.7183336005577,68.76378875374193,1216.4820294122192,330.2598421753999,258.88006400419977
female,158.25588194964118,62.25571454229003,78.02536448321727,103.64860579555648,90.89680617205435,720,1280,259.2756806142565,459.64315812466396,74.36819168963513,1211.3157037381486,312.6686449278241,243.95502232816906
female,156.13850702294818,62.998403692838046,78.90928076056478,104.36328323834606,93.67657792926202,720,1280,256.83342324859444,464.88601960088533,94.6808169314242,1228.5109701942215,321.35976691421956,248.10570333143517
female,150.44008529228358,41.0234688793675,58.487752257367816,77.81079774050181,69.79923604166629,720,1280,281.96793607900156,439.41453824957995,66.70200940865831,1211.075214638909,243.3142865721127,191.72273664176973
female,146.70493824900507,91.88382817619487,100.56289132578425,135.68657773732693,119.54440730601029,720,1280,222.24280073185918,500.44725487145865,97.28305016754062,1232.0595102696916,434.2024833237456,333.1535082527464
female,168.1617336665349,68.34474722650077,80.78545148482709,107.01268867623712,95.38172124019414,720,1280,260.9844935259294,459.0879905535191,98.48507346992935,1227.6120042059727,301.42768049558543,237.65598527302654
male,178.31620633740297,102.42294826474847,101.02597699583217,132.35299120228632,107.75910159374035,720,1280,246.0158449628672,475.734524706865,82.35756617580562,1217.734135854365,358.0213348004694,276.7719680317724
female,160.53964563956862,60.189954389085855,74.90532110490895,101.46043097402021,89.810205428662,720,1280,265.21284316975186,454.1481101109334,86.6462174711301,1208.7721084803404,293.1452730084439,225.68772035698552
female,167.36882709725944,87.67200907784797,92.3193116305847,122.71921064370774,108.75781945324435,720,1280,246.74344349057515,473.90769908068154,72.1236200594725,1214.1211620765296,350.8727103669449,268.1053257311378
male,166.93011104138705,105.90649681785658,105.25265674238459,138.8363220642302,112.88008708967791,720,1280,232.3700628935634,489.8587375560341,79.09548408257814,1210.6328388420193,398.4404788532684,306.7523928217512
male,166.52195709028408,98.54037666076191,99.88208752877838,132.43144511913903,108.68571486555543,720,1280,236.0569701914478,482.52079567364814,94.57419791867116,1239.6158476669193,380.6461699937327,293.02987924889754
male,156.71317208712117,71.95452735916643,84.74271006257828,112.15956141493368,90.19286454311778,720,1280,250.65520796066752,470.3640678738416,75.53822216530308,1214.4370165686028,343.85868301407095,265.88305460998293
female,151.42019600041408,40.05207791963063,59.748130869289376,81.15849874951202,70.77387849755416,720,1280,278.6074447747765,439.918672192803,71.46325759229761,1238.7891760065004,250.4083447217836,195.8649416475196
female,147.58107856437192,58.65420143753562,74.7821514002847,100.50176176924175,87.44793900671539,720,1280,256.36777030119265,461.4565753316238,72.96394484302438,1212.7516545443593,319.09247172142176,249.3004504975032
male,176.10955729797283,64.95362975477835,77.51664884772177,101.50510747031109,83.97135548665212,720,1280,272.0566160151529,448.4750939131667,101.69572153110485,1234.3266735828438,276.92677866209743,216.2665925435088
female,175.03436716098005,65.37782199421495,77.3968280839828,104.25824839938515,91.44931835719788,720,1280,270.61689606555746,450.8363520163112,95.95821437824443,1212.4263489579096,281.68359617636946,214.8742036398138
female,164.61800933908884,75.53979518373102,84.04383617639064,111.94477852884131,98.88879741442939,720,1280,255.1827642546633,463.66518271621896,79.13306801147954,1228.7473720083644,320.13307974301443,248.77180893503092
male,174.2601063532602,85.61550710587238,90.29147665334722,118.40052740801812,98.6665988351845,720,1280,254.48360931712563,465.90521100974894,67.28770840047024,1214.4475212930051,324.7300495973546,255.48176918002724
female,160.1395419955687,65.96380011764761,80.62236930282128,109.32637134053839,95.11900579618148,720,1280,256.3532922700044,463.3099212630203,84.93335993969303,1233.8421248026586,319.4489243179641,243.39486717099695
female,151.4138480772526,56.24079606808892,72.46306530368742,97.89127173229286,86.92744200082865,720,1280,263.6447293091609,459.3385993806879,96.02957766189228,1203.826210847849,304.42790887677387,231.20870223848786
male,186.72740538092594,107.12008095426089,104.9321609557177,139.85431318452737,113.50699851081146,720,1280,243.62704398915926,474.0599064108022,92.73785757241612,1211.9370613751848,356.8573420522219,275.7831893873811
female,177.16993993165443,94.13165252987417,97.82234832068582,130.308706336418,115.97587629254431,720,1280,245.8187365635641,470.51198589376236,84.68534551002627,1218.7778380659072,348.234707775966,268.66290931169226
female,176.4923333391303,71.93714332708467,83.09794258198374,111.56008625878849,97.04180428891817,720,1280,263.0364483305306,456.4106890579858,81.0943441653727,1207.9319142153772,294.5226653813457,227.2133074729365
male,170.74376477521832,93.60069952349644,96.92478410288967,129.38924992915636,103.71488058913552,720,1280,242.565762688819,476.6931693043277,87.4518773070898,1226.1999897117025,356.7904320810271,277.12766118541026
male,169.78532818113274,52.06101924474434,69.50755699940606,90.76216271639319,76.41874357223004,720,1280,277.76081309818454,443.0205510772516,74.07087170114667,1239.2865234521382,260.61378312688413,202.53908453084574
female,170.58978051082943,87.46434560933534,94.60817772320326,126.05794840686656,112.73025129331248,720,1280,248.21896986472112,473.26026951585527,97.14405419918273,1204.482504963722,349.81425348023555,272.26834953015305
female,160.1110279436189,41.52504915488835,63.56652976255632,84.72586701771516,74.01834408608723,720,1280,277.3380187246491,440.0902167657974,92.92046495031508,1230.6993817236441,252.7238376234539,196.6822384535584
male,160.19560189766094,106.6499485761533,110.27739771475072,145.74047665846817,118.65766535308605,720,1280,217.86029815893767,500.89595927257096,93.97810667216137,1227.4302642267576,431.9534925499489,337.1976315990596
male,191.30325175322514,66.15266795698338,77.6581437664341,102.22551837731726,82.69083778997683,720,1280,278.5373722021103,443.51916927873236,92.90241871985046,1231.2948003716358,257.9779647407253,199.64091151576187
female,172.3781063554431,86.42599030717216,92.11853147568617,124.75036362183197,109.353494956799,720,1280,249.90470966640535,468.42751484967374,64.3206691801912,1234.2837477801509,339.7312437431222,261.97608768373453
male,174.21823025280642,69.91683525376617,80.49853566630104,105.72854129116799,87.52309696977017,720,1280,264.77330399842344,454.006900198999,96.87764781623022,1215.3058896198154,291.09684226801755,225.79635852248055
male,171.53752290803988,72.52350430286361,83.31883053089729,109.85267847792824,89.96236245417339,720,1280,260.26553580807433,457.1999237374402,94.11366786096306,1232.6043717914363,308.708139058147,234.58554604016916
female,153.68028320191326,61.12232407294983,76.72052179965732,102.43025065389087,89.99364213645522,720,1280,258.4139674767741,462.31886971882693,81.61864323692498,1207.5337248632727,317.53468554844704,245.90845374154242
female,166.5003664378609,81.1201138401615,90.00754316768132,120.89513139593436,105.3634629644461,720,1280,250.4285866402635,470.11313659490736,86.6536319054639,1213.5806012362514,343.3332390342809,262.12743924036454
male,187.3975913349663,92.02332961879978,91.82043837965888,120.20141696494119,98.01672406185499,720,1280,258.22419796234846,458.44931279213904,95.17003247401354,1239.3052329355387,312.11745452055266,238.136365991879
male,177.60175196275512,72.105548977247,80.6237886940495,105.68601508210347,86.50964728510057,720,1280,267.0572703326913,450.94583178527046,83.85595534961098,1220.8512789520485,286.2616684840383,220.64956923782933
male,193.37185481793716,56.957139751582226,75.45088136790724,99.76404908365689,82.69088157500708,720,1280,282.0110542965447,438.7507727564625,72.33333106847483,1240.5786873609202,248.373823636471,188.3157894087832
male,176.93427831489578,109.36015668624495,106.95470848761636,141.37976364589565,116.80352830319414,720,1280,238.50236304559925,483.58681608600983,68.45318446712662,1227.352274064544,382.3672099147359,295.41664033385825
female,145.50245179156653,87.98890901845323,99.49739942854139,134.63595312802175,116.1618568528888,720,1280,221.5084652896541,498.7471949093155,77.8626787808127,1203.8526929867423,432.2784058896287,335.39826298584944
female,149.6282114063434,72.47744899579178,85.65087528779475,113.5861962422098,101.11216408313402,720,1280,242.64888804490056,474.8398283920519,77.83537273860145,1232.2089122264224,359.1095300633712,277.22726295920967
female,170.1567806179658,55.12367642601551,71.82576905519107,97.49875817606173,85.53105997240208,720,1280,273.4565559993608,447.41908330856734,83.27675279989901,1228.4588078174002,266.865371303924,208.89912209865213
male,184.63094649261436,91.93963694907325,92.15497477669203,120.49037343634755,98.82061864815672,720,1280,257.83435029187484,461.68272662132574,83.8646672367962,1237.6722244584516,315.00469453659855,242.3169320141999
male,190.6991271271168,56.13548220629617,74.71310293161612,98.62030112569107,81.70405682195684,720,1280,280.7847275225165,439.9796047895402,70.083440235215,1220.456829937853,248.8041376563474,190.7631910056767
male,176.16206461507275,59.0305315025868,74.04633269941482,96.881521470916,80.43414061656799,720,1280,274.2830440629173,446.08102881957893,101.41757621344058,1241.2975065119049,265.6422043747368,204.34975372397045
female,145.61430725121753,82.04929798416084,93.9335285663163,124.68475164115097,109.91210364637936,720,1280,229.5659622510503,490.52760672600766,71.0819679738893,1237.3745575320627,406.71810275072403,317.2475996444008
female,160.64638973144838,79.3738638391217,88.52620757215409,117.34148401091424,103.2191374184489,720,1280,246.3702042220676,472.039005736597,90.84112610587185,1239.262806164529,349.15914982514175,269.1890149659659
female,159.68664965083835,69.42959490442364,80.66351951699288,108.26553657476875,94.9721012375954,720,1280,258.8109645947583,461.8282917739569,100.77279272815903,1224.2059619959573,320.58457318037773,244.4381815664162
male,193.69727482006277,64.29506510954428,76.41817420929313,102.03978688553948,83.02042228012097,720,1280,280.6389865182914,440.9731419073552,99.10422435104309,1226.2804883038389,251.07045121311853,195.35356015153644
male,174.17432024241674,76.78048696187021,83.9103067189587,109.44430105822653,90.0526424239954,720,1280,259.9705802764229,458.52233921271505,80.10885370083832,1233.9480554528848,302.3805393464333,235.97966243394575
female,167.49644386599715,80.08219218309307,87.63951829114603,117.42707453899571,103.80172280676292,720,1280,253.92445405993945,465.52625038609034,101.50887174167866,1227.385008241845,327.53346484241985,258.49225366866045
male,194.19097342898326,60.08805010890551,79.24188734722868,105.36474656445007,86.38385679543397,720,1280,275.4410705293392,443.7448527663345,101.65764154736632,1228.2605759699388,258.78622691748245,196.67556621350792
male,175.04337745498933,92.86594173158055,95.0594397378801,125.91335646115384,102.84655272906771,720,1280,249.65989561208994,470.9350885738369,78.30310330519403,1223.9742416203499,341.6043466588366,265.55004947360203
male,186.14565350310608,77.06340276327445,83.96606781506142,111.3253357730126,91.40131571603733,720,1280,267.00627592190284,450.94645375932834,89.91215363730643,1233.5205899079099,284.5105347936773,220.76586650120464
female,175.8249222312055,74.30116654256946,82.90849635447138,112.32834238541217,97.1255450265187,720,1280,264.3459741957537,455.7216288644399,84.12417585955981,1218.85753985438,300.07679006753966,228.57060413463398
male,189.56169705693887,69.84390471658728,80.40726808496646,106.76146539262918,85.496787162963,720,1280,272.50496124986023,445.04085166023117,69.89643493827538,1211.3082178807194,269.8181843171945,205.33711484558802
female,174.79921248942404,43.11398863814419,69.17167795096205,92.39296277185025,80.60689613720204,720,1280,280.8547898734072,442.5854212350451,85.44037834058251,1213.6003381011517,252.11695749725908,192.28474450374333
male,179.04134795201918,79.08929254802312,84.99773270240571,110.98371891377677,92.97311015218745,720,1280,264.5986045890318,455.6878864355343,87.50949768721233,1229.4552803056467,297.1245958719609,233.3218360686728
female,178.93895747769722,81.53343611676043,85.6575156576339,114.30192065683353,102.19744188019052,720,1280,262.69390679220055,456.12189410100865,68.76376911425814,1208.179328435764,305.173708478408,236.20127007924083
female,153.53964550193487,76.62168087303729,88.2957775074843,117.32540583489079,103.67501392832112,720,1280,242.30836658229154,477.22591738367584,74.78936346817149,1208.8695912060216,362.2145881688908,281.04400529133943
male,155.27259587943567,64.96408933735665,78.04977696976465,103.60785541731192,83.15814795058267,720,1280,257.728222990872,461.8886645477602,76.01922465187943,1210.0248301088122,317.44404793943505,246.5051797691773
female,178.5032598095936,56.29395320289071,70.88835487798566,94.90266206170779,84.93089603949302,720,1280,279.70300412927446,439.888122625845,83.33626577991767,1211.7552973469337,252.0772914398486,194.18780646204496
male,194.11369534491564,101.16000720101424,96.74520386756187,127.16656125257097,104.69672072310433,720,1280,259.8374838294648,460.00396516880295,82.12354598054941,1232.0837825333513,313.86645011855325,241.67323591225303
male,171.98291502109936,106.77250613109082,107.31003275625405,140.38210052626619,115.50999221503113,720,1280,234.26954732620706,489.03494184101777,66.29345519625099,1240.9523048099297,395.70384108121806,302.9878289872332
female,176.79192049974696,72.28604666397439,79.71926733030692,106.63380445419611,95.49023061373046,720,1280,269.8807099243758,452.0680291673585,66.98584956454687,1230.7990158112239,284.71274483991,221.31495134855444
male,174.8314255004075,84.97829080449839,90.03926271281858,119.79645410005504,96.5811216780047,720,1280,254.71548568726794,465.09482450506886,70.32290807003025,1217.6656142769123,325.6178356757695,254.09819697362553
male,156.7831552500479,79.72610812076277,90.37934120899004,120.7340503727437,98.39197643517033,720,1280,243.19553600191824,477.89137640744275,97.86433884339561,1222.5393500290506,362.76230900704724,279.4865957509604
male,178.1681613392535,66.24341254913139,76.52277531093418,100.35200391042699,82.06929150722765,720,1280,272.8212537606775,446.52591908219324,93.20083370572237,1234.2355387152418,270.3303531326181,212.57233600684052
male,177.3128202870257,53.19342858388682,71.21248595370072,92.79075245284417,77.94494458355938,720,1280,278.68547106893664,442.32649622060813,83.96901983333672,1222.532661298976,252.1167626730394,195.05653668128173
male,171.72251885546765,53.9755276507187,68.45065442829255,91.4766850810409,74.53326015012517,720,1280,277.6525244491021,442.40498384896,91.73147441445775,1235.1969712378323,253.73741222368352,194.4151018285189
male,192.77788421121468,67.1427839657926,77.08426423696223,101.93517529443551,84.36080695894812,720,1280,277.15927558842407,439.76153529183125,72.77970893104951,1219.355473819101,254.73260376902635,194.24164296127552
male,160.48704433189607,76.65333618921139,85.70988072281737,113.40272673445503,92.35616705850475,720,1280,250.8866377176129,467.7720998505957,79.9258923972918,1236.0385825175263,336.0840493850343,260.38516151771563
male,159.85326387847664,101.45006746640624,106.31179321666589,141.51977725989107,115.57240455383602,720,1280,224.70477445543636,494.510275151785,95.30521977962249,1209.5251122212214,419.61649499162684,322.99916342859024
female,164.75087337418853,57.517957980246315,71.21320832241122,93.96507436401328,85.29209554684077,720,1280,270.3330084935982,447.3875222967342,87.04437491956153,1221.6335581043754,274.6729755234412,213.34752895789455
male,182.18334279980724,88.20036444501747,91.1356409837305,120.21002026727666,96.96214958575072,720,1280,256.78980399792005,462.70793911001005,74.6757913740738,1211.5965587786172,314.4425974666845,242.7084450623139
male,177.36907052764417,76.61297532594415,86.03015473297039,112.30135917318488,93.92566503999795,720,1280,262.36941579814237,458.7347962182273,81.801440726576,1211.0063443892845,308.36082867366474,238.30099128114202
male,161.96472069265474,54.19280781150083,71.14956198636224,93.25717197060214,77.84328744051759,720,1280,269.3660413578793,450.5729729779884,97.57965283914886,1233.1991725615087,279.7203473381194,212.68003882260572
male,193.5858376067631,100.73859889669521,96.98611327234923,127.51932922095489,105.07190530320644,720,1280,257.2087914598214,462.9230302270854,96.26939288660648,1215.304365584852,314.2119338796554,245.06964553313406
male,180.4809878475975,89.15992612459347,94.08460315449526,125.05955908681806,102.52747735084199,720,1280,254.1996301420299,467.0705412579304,79.20215531530887,1226.2540020742886,329.2290211182332,254.25212938913708
male,194.61527817175102,61.836492963548196,79.65933474058404,105.81783695450883,87.37924129019618,720,1280,276.0251034045877,443.80474214807657,69.72137638322954,1214.6310869634167,261.419522771721,199.54052857704968
male,183.47766107907267,79.90418925514594,85.1934955290999,111.2693327535735,92.0134000363858,720,1280,263.6099360657447,455.5575438209944,89.4780951212534,1223.4807552147142,295.4160311551414,228.39522340404818
female,174.8885809657669,67.34007460051906,79.7460843057592,107.87346531589563,93.73164927872195,720,1280,266.2493526300436,452.72117375893805,96.07715827306697,1240.7636277597637,287.5516180195617,223.63339943883537
female,154.5858499009615,68.20885998579391,79.4637573157619,106.86474076544278,94.1599029605709,720,1280,257.0145714556128,465.3303996494376,69.14446211356616,1236.3699687393096,321.7353081727608,252.9156134428057
male,185.9770040891188,73.18485635076553,81.52550570156379,107.03819767271587,86.66745154218772,720,1280,270.6135813617951,450.46695689726243,67.51594894663432,1222.829261994005,279.46485016567453,212.1475473993898
male,168.39377079661912,83.88738453217783,90.16911571850089,117.88558267897635,96.90970002431087,720,1280,251.44638788579906,469.1317654228338,77.22543530556808,1219.4277886018515,338.2091251821923,263.0974778441511
male,184.48713865942136,87.66772828160654,89.02287439241626,118.22918361287105,95.17521259116829,720,1280,259.7948106666647,456.83057157947337,97.47376142255861,1238.3309484926367,307.08482081907897,238.74450483334468
female,167.658546107368,54.27077300773679,68.491644400481,91.27764530989926,80.94274127815494,720,1280,276.10875393474385,444.69207525931824,86.76468631610207,1209.2752722772368,259.72340788114957,201.36596271139396
female,164.7793689158191,47.29585152100258,66.0808174442347,89.65212826055594,78.04742474840799,720,1280,280.05966965596065,442.5644693740432,81.28081353409155,1234.9101833287905,254.69862893052186,196.8185203268033
female,152.26470999469802,71.50518507127748,85.03336765188787,115.32852465465122,100.08219154555928,720,1280,246.97417877755345,472.706002809811,80.72358520327235,1240.6942728791719,355.3779406444532,272.7323350730153
female,179.33509846479865,77.02983388520622,85.64302676562738,113.32108662132133,102.2384379189915,720,1280,263.9236760623686,456.8030697630222,97.60717301281673,1241.429218301423,299.38808501319056,231.75540431414797
male,182.7058348706993,66.12096283326463,75.14198535494118,99.09539594745681,80.35720098217719,720,1280,274.4488801274124,445.6667281274535,88.55490128163083,1212.0016757893802,258.7974949697183,203.78483020610565
male,193.77095825310852,66.69946019675355,76.87970970424836,102.03624372807869,82.20600163409586,720,1280,278.48415241178725,442.2326895050086,99.2134622664152,1238.2783868462557,249.55063856452418,194.25988493041393
female,149.34038389225486,79.68075234806602,90.24997174135689,121.21467969921116,106.39777549219251,720,1280,237.91901492193767,481.2583350639202,85.01583929725254,1212.2145929306575,383.2985406164576,295.0896812925469
male,171.17030434781782,83.50495208038427,91.39216398753885,121.71823962496457,98.74237854669984,720,1280,250.24691374901585,469.8858950027409,90.38879326595507,1207.1935307899803,339.3559086526286,262.0230639180249
female,164.0002915219416,51.167190035949766,69.38517234169879,94.41866093517665,81.01519592079472,720,1280,272.80023236312394,444.8878074615433,96.71718375591064,1227.0249075246531,265.324221923958,205.069023416536
male,161.43721277969877,61.42951523389016,74.87510896984666,97.90198486149094,81.5727487716153,720,1280,264.2103894306254,452.7894904741071,82.22995900343923,1203.930739848914,294.5218809173972,229.46274573773036
female,168.574988174501,87.89725925640286,94.96800386005367,127.69493951800688,111.89585749158607,720,1280,245.70045673473604,475.23684429633005,98.58055231321643,1224.6129832146598,358.2669673469058,277.85559886411954
female,155.3651927070507,58.85464785009104,73.47282936332425,97.94893162898569,85.83393730238059,720,1280,263.84492992924805,458.0031870671412,98.26755418017547,1240.4793778963858,300.4008286507419,229.743649617017
female,173.96244557246482,90.80798963706793,94.35157250414004,126.26664516488513,110.6699618154566,720,1280,249.55312514599723,471.27716668456554,101.60213075526784,1215.5454702118848,342.544293144441,266.45216534497854
female,148.99396433684015,53.91985694484957,69.84812980033983,94.56050088947173,82.82916313160791,720,1280,263.2996786373944,455.75002085185406,71.93762219639727,1222.7631104613945,294.3164764393545,226.35457256755345
male,192.92374574100856,89.9205772944531,90.69683638546023,119.68066039070203,99.23183132617247,720,1280,265.70856381129727,454.0536205419757,99.11270574389086,1220.083683485204,293.9750388290236,229.5979320044886
female,156.7004982590434,75.4435020676814,85.17214427206898,113.88122928650682,101.11557868774844,720,1280,251.172325640044,471.13470742054847,86.09123448693411,1235.7095608675818,346.08849611237645,266.59543241954026
female,159.37104359352853,67.186138114079,78.99857429423068,105.76392588501054,94.15843725038948,720,1280,259.7460273160036,461.99143366860847,88.84981652461336,1220.2453588827918,311.6870989783175,243.17997715859696
male,193.69340476020835,88.51407673886516,91.15178895836385,120.93381435944579,97.81700303118407,720,1280,265.5535642815933,454.8569771716596,77.62018737987412,1241.5563119708079,297.9124435481123,230.48919991596074
female,173.48999301570518,58.7643305285733,73.63275019287414,98.61485759534838,86.04626713197885,720,1280,273.59039984482763,445.0959711613005,73.51500183128833,1225.991221797033,265.5339617629619,210.3176449636456
female,151.91099575520988,50.79254701594299,68.8915983764455,91.58310772525904,80.19136896030425,720,1280,266.4411692492453,451.5274122919158,93.95669568718307,1219.1695577664725,285.20266291064223,222.05479869457542
female,149.3001201403358,56.617299413073795,72.55063339689181,97.27850232208365,86.77271855096386,720,1280,262.0753840740461,459.78731363229355,95.4004910804875,1220.8111070931172,307.0907460615249,238.53423228758032
male,184.11970338731797,92.31705665736284,92.3228146697491,122.40607337980796,99.0647083221802,720,1280,258.3272285182261,462.907721967525,71.3998252850577,1231.5439139205575,318.0444239719993,247.8882055155134
male,189.58838693914046,88.9949276162017,92.30579993411621,121.7930669813654,100.58993457055448,720,1280,262.29999864242984,459.37049734536095,72.49566301586408,1222.0709816242422,306.26980160345875,238.5049918980017
male,166.84924998727666,97.16920345402735,102.46779163850344,135.08566775005778,109.72622782857235,720,1280,234.08598349178212,483.27965737888206,93.4421723263837,1239.15886096071,386.59948553723007,298.05753076538315
female,174.68006599534192,56.29307546310831,71.09884066178083,93.78121761362476,83.20519205528534,720,1280,277.71312439785316,444.76624144078085,80.20005056079769,1212.8746426385896,257.9141121548524,200.56437151486244
male,168.2535265809341,72.46206356428416,82.11633946407343,107.72678104323386,88.88313285597593,720,1280,259.89688751225844,460.66460185828913,96.51001188783404,1240.422790455739,306.158018150595,238.76538154842103
female,169.60458561912947,81.23447837500589,87.07882959502004,117.16471032785496,103.28543995527859,720,1280,255.7770565422083,465.3069622426691,98.37837942651564,1206.7247257984538,324.8606543528877,253.55058222987805
male,174.32430534797814,65.74968200581745,75.51747488031297,99.71620609893961,82.5940972707317,720,1280,271.55241701134287,446.861596236768,83.02242159714876,1219.1648590517582,274.3415129081454,213.15443458600467
male,177.20345113448593,77.87910092750806,84.29700121082212,111.30786188644322,89.79688568426565,720,1280,263.54493989528464,457.08981049976643,95.36454015993311,1204.6660757882896,300.1869480971457,235.49816295119936
female,152.98797572748234,76.68669746863407,87.55627321609313,117.18617534213146,103.7508506986784,720,1280,243.211494102151,476.18197777592803,67.45297313497404,1239.3420737242602,364.23389826691334,280.5065477562496
male,176.42492568583097,50.44221842152306,68.76106396647532,90.42292549466733,73.46858145573589,720,1280,279.03456510550143,439.6240509283337,65.6284822926205,1235.6062226013794,248.46838744278588,190.83262816633413
female,178.23190710558623,79.97106516522283,88.01815953825623,117.09063004415934,104.71321027507595,720,1280,260.3278948875477,460.68236723689193,76.5735239243127,1204.0416078556918,310.2212704494581,240.62629068131537
male,162.5091740991816,65.83029242285173,77.84812899568686,102.2255869551643,85.22245089894861,720,1280,263.82031087241336,459.0569103833931,86.40506474227382,1223.8066128406465,304.62184277739215,233.45675794292697
female,149.6566931814899,83.1731693913701,93.06293192864878,125.71449847070174,108.40529917590679,720,1280,231.9884859218757,487.1434595311283,99.40286746758721,1210.7552409117463,394.71488352449575,302.9538104339244
female,150.39013283395334,54.21044387664,71.83387355952331,95.90500466820482,84.1259521571608,720,1280,261.8901270018651,456.40429832214096,72.71842941888212,1228.041550827289,303.3137494083708,230.7889855246114
male,170.36528813487845,83.72298246929451,88.4128566910337,117.82377791134407,94.98217443738748,720,1280,253.58028323361734,465.53082569297004,95.54130916489706,1232.1922160354784,330.11428677723,251.69016928971962
female,168.67617347356696,55.467406577097094,69.39298165161857,94.39639684636211,81.51846858353129,720,1280,275.9952157651848,445.6679578232962,90.30759840230073,1213.6905168206915,260.08662103182013,202.37568132144574
female,159.289230214361,59.842084825857036,72.76468628855326,97.08357141382824,85.33610476522279,720,1280,267.4863638697482,453.5339675682522,100.91733808064973,1227.0779603607914,286.05281464473944,222.63047894510328
female,161.9342302663192,71.30438360275716,81.6342502691837,108.93035033123672,94.83045966247505,720,1280,256.6450325333909,462.07002534489027,82.30176037460375,1241.021641977888,319.4971353414648,245.09416386285687
female,170.45665481889813,58.54466632393465,71.85686870179279,96.96813215121763,83.6677600971192,720,1280,273.63240819082233,444.27562962919063,70.5355445461891,1214.8169297498928,264.4968616884501,205.35884107019874
female,164.14204161602,49.743749544967805,68.56691773604028,93.2820831862953,81.82464575995009,720,1280,275.90277087979644,445.2073248640034,83.80672289762342,1207.1186408225567,264.5551907302053,205.5574832296722
male,167.96281734754413,63.23831105817978,75.0649492182276,98.90389187963667,79.61360563305985,720,1280,268.90254141071415,452.7180944033569,72.46464947425103,1213.9542666729367,283.8772728644892,216.09642038907174
male,165.15832804709572,77.77125603964615,88.39579016214992,117.55553258506842,95.43154911509112,720,1280,249.99225133413225,467.44898045233583,79.05638001727011,1232.4678959141304,339.69296758957864,263.4492677149039
male,172.58002433580077,56.01545421239063,70.00835676580783,92.34142904968796,76.33761079430937,720,1280,279.29679813661585,442.2391813193649,90.87618988936832,1208.4099982748146,253.819045002085,200.88920150665618
female,162.67144850347898,40.82754991748882,64.03440436173881,86.53234194872302,76.461843086517,720,1280,281.0827187532528,440.2927419825604,96.76406871418945,1234.6204688043892,251.27694212808066,190.544690521394
male,172.03206735551842,103.71679760816724,102.28522631212844,134.92939830753372,110.44757847622607,720,1280,238.42420513125134,482.90288242500134,82.8868317149981,1236.1650794686059,378.4334793591576,292.77360795185825
female,148.26017088653361,78.00100817838351,88.82732542906749,120.13156561854994,103.76879807113106,720,1280,239.74992292349503,483.30767522362237,78.37866353522347,1214.8899531121144,378.71389667945033,290.94880682919916
female,154.9628708617824,68.60794572852494,81.32343144610672,109.04670985147192,94.59089041866181,720,1280,254.58537446874638,466.1182664333672,71.6236923139907,1221.2290587284374,331.3798613804949,257.77955105656196
female,162.04045257331478,42.25454633524148,63.561205400197075,84.364397495704,74.14504850058641,720,1280,281.6013961917244,441.3424462106551,94.27419822335153,1212.1488187985444,250.44968572978144,193.1359225321617
female,174.08549794512945,88.78957248043642,93.84001928034164,127.18148339879806,111.6295405281448,720,1280,249.9576761128185,468.1497991379739,65.2738620051524,1241.3937387414053,337.85455617763137,263.4759965856465
female,169.4689971443282,48.14744271771332,68.68275675813084,93.29366206649635,80.71522456324318,720,1280,276.82766196234235,441.6325556630879,100.78051090955007,1211.986673342045,253.59567726405547,200.29060358464338
female,157.41732812795024,65.15025564062962,77.99754089318984,104.87621047472369,93.35329298770658,720,1280,258.15648188406647,460.17726413558705,98.43364597222696,1226.5035960477346,310.535987994303,240.8220215833348
female,164.40060732191336,65.82124634414551,79.38229866187056,105.14333375954392,92.99581751444487,720,1280,261.12313010853796,457.9119267395558,64.61515136564991,1222.7100118676838,304.9367122860642,236.97636590005993
female,179.95494924911878,41.457577958888606,72.38882307025034,96.62176813070204,84.8215235204786,720,1280,279.2005888595937,442.61561999727974,67.63960104976762,1225.6202475868656,255.5272075321433,195.8545564649037
male,157.78173658038085,94.86337850599259,99.68616878143902,131.7238626373175,107.14842419175419,720,1280,232.89187147684655,490.7078311344318,70.31670629870891,1219.7109481436612,397.8126029206706,311.44700964498264
female,178.76487735422361,92.71130523017578,94.92566841463102,126.22244605649958,111.58457903628872,720,1280,252.32182165903177,469.4251508804562,85.75679714195586,1225.3024911637362,335.86766079942396,261.8011725988547
female,163.786090413071,72.51369105693826,83.2185333674774,111.00493009198945,98.72330286199144,720,1280,256.15473916935747,464.58630515417326,68.54994611013421,1204.722406585533,318.76182677781605,250.65474662913454
female,164.33320588832407,57.64589920102039,70.5465209244062,95.4719500320158,81.82473220012031,720,1280,273.39812627770095,446.2286961384996,94.69576865217958,1215.1595515966667,270.30741260494176,209.3813053001203
male,175.23370285437898,76.85506904436929,85.3134770744989,114.08261963637565,91.86585041440985,720,1280,259.13566860186916,458.501481049114,100.16895305606337,1203.4468732258654,305.1508967922876,239.34687618150213
female,172.57884702495033,80.65463931732138,88.58172428943976,117.9107749542189,104.95629927131452,720,1280,255.08049173700925,466.46465956694516,74.79379019866842,1232.3962061173397,322.55948518382434,248.17518815285854
male,161.25005398174127,67.38178834579423,78.94341939285634,104.73517886969356,84.27891096866112,720,1280,260.32668491394276,461.6884405194935,75.61039826961492,1216.2474394929975,310.7923949558344,240.80582675445373
female,176.30323537911954,89.09937583351467,92.81913764800174,125.65683227202092,110.56038494309813,720,1280,253.6745419317017,466.0970492021626,95.3132783213131,1235.0004758109617,330.3182327122291,260.1604655937218
female,160.83119390044115,88.82294380648375,94.86123484819122,125.85599165988334,111.99059677518422,720,1280,239.437281572503,479.7120340066152,72.98294603190183,1211.4035262625002,370.19998277531033,289.25352781158784
female,154.42453332883107,79.026812084369,87.83861812839172,117.57383666297119,104.36550776366813,720,1280,244.9810442821654,474.51644070373385,78.78901771847259,1219.9603711209265,360.1676579116125,281.0445917989073
male,173.8061999229601,70.70277116602057,81.67580684330807,108.31019247859109,88.71271645857749,720,1280,265.25083794609435,454.23738844314227,83.94136685611554,1211.1050679312038,295.54504469287065,231.27687371677155
male,178.92578154976707,89.14449800845912,92.63279750374734,122.22357422735436,100.79838544826853,720,1280,255.57377855743158,464.0138615371598,78.6894562886345,1213.6566934508621,326.93771007971884,254.21129404450704
female,175.15473189874405,92.580489864851,96.04836909689648,129.76575117749078,113.57785094316586,720,1280,248.73290521144705,473.60183674314635,84.37674363572667,1223.940086003288,348.93873942739515,270.5062387281299
male,175.27567365884198,50.72945005662956,70.24080746989057,91.53093779188642,77.04193434849117,720,1280,279.806561678642,442.3446055806961,74.76473179771793,1223.1404703182418,251.44798880173659,198.71670806421506
male,190.55955717580147,59.36105949108065,76.51656719177959,100.12090054193274,82.2202300576829,720,1280,277.67576223497264,442.41684519677693,99.91464432176056,1211.081813858868,253.26301088457808,195.418259307753
male,180.68247851802636,104.18744704357536,102.62058906170566,135.44657800008517,110.45959444908316,720,1280,243.34772591517273,476.00235650833446,77.77851161796762,1240.1857376842436,359.1237048730178,274.7741930283672
male,192.4602128655433,105.67504447789304,101.30077420847076,134.5800203306673,108.17192967035422,720,1280,252.21827161693682,466.2019873668911,87.36910491809084,1220.8406587669065,330.10285195715034,256.49739809774235
male,183.88505136065191,99.46090731361383,99.56090281303723,130.4333911165939,106.73392422330329,720,1280,247.7832026012215,470.17573567728124,67.38149677475494,1233.06342951983,340.51574378073275,264.172066069828
female,165.59219004042725,57.69091751105123,71.05268405724306,96.27249095500854,84.57695632098594,720,1280,274.2386102271328,447.0981711750347,100.34804175207245,1218.6208065170215,268.38338348362277,206.84783512849054
female,173.91764171380643,43.151938875371734,68.43352984315494,91.4492019292033,82.06546807440156,720,1280,279.93335837238897,439.126358522109,98.40285783211974,1205.2399311063841,247.23752996018,191.4277442839587
male,168.72054398578373,102.4068633578836,104.11574389500582,135.96650707982977,112.45834187114781,720,1280,233.48920768976714,484.7610790644274,79.20506818856433,1216.2762613991126,388.9733604040159,303.6219510729998
male,181.38786903052795,85.6012178587228,90.89140273935895,120.27358643251323,97.65436962144456,720,1280,256.624602041432,463.55110173857975,75.54561141069472,1207.2201530383197,316.5077780174318,245.0610689183759
male,168.8507205748401,105.42690280494183,106.05952941188787,139.8478948629178,114.77951769987294,720,1280,233.99646729113803,487.49454678325975,88.39579239193718,1205.1990666723425,398.94499088037736,306.56130200730206
male,176.110521345081,56.43515490144673,72.2113888127302,94.89214092399027,77.74761847223756,720,1280,277.53368212562884,443.24416693679115,85.34476264039135,1217.2344087746037,260.0971311779414,201.67215478885888
female,177.9531480519398,94.41252104415092,95.72107417775248,128.30001383606736,113.8408788779331,720,1280,248.72955331526526,469.1710633765571,90.95416790698458,1236.5745186502827,341.69255077953534,264.239727315735
female,156.23221910905704,67.6845594713252,79.70842367726885,107.90695186466245,95.30662182926606,720,1280,255.02910725899633,465.2902363309368,64.34181767337738,1217.8958823007795,320.26947995151215,247.05868906409984
female,151.63164091977114,87.05905612901125,97.4347249138625,129.8678589961671,115.86918802156569,720,1280,230.7027157911202,490.931465755353,100.31973005511202,1232.9451053355606,407.11249389637703,313.35851772342795
female,169.45085262199498,89.75201068442418,94.68154071939082,128.00178415240265,113.01083846723985,720,1280,248.1013327620328,471.98532336564864,92.5400888764402,1212.9424800286406,355.4995193267536,274.7370565150952
female,177.98895156193697,63.49062890318724,74.7939673528354,100.73205307466219,88.57434183316515,720,1280,274.7376272423343,445.054370175592,76.91320097348441,1223.1147926777587,265.96190934228594,202.57132249581838
female,176.19961356160977,53.42452487786306,68.53310853969364,90.62216616539658,82.04928724932024,720,1280,280.55421518502476,439.66092067924836,66.52798562343726,1207.7991765505444,245.98030597406978,190.0916156732726
male,183.58192510370682,55.16415952453132,74.86186744724873,100.11405287211103,79.68416040706082,720,1280,277.95208765396796,443.4815425649691,78.8696312707487,1209.3676439915243,259.3697092815673,197.35363280691118
male,171.9554450002944,107.78326987691932,106.5436514474947,139.3892939183195,114.74315385180145,720,1280,232.4186310565399,486.57916605307565,95.22629089146507,1216.9265418306125,393.5412129714991,302.0648648473001
male,182.49620792426526,81.32004912054006,88.25568649456599,115.417635741285,95.74598589746111,720,1280,259.7232331531435,457.8904412568244,95.74668036662621,1232.9370894874648,306.5738509496477,235.12993305855753
female,164.18871993721763,75.55190512857078,84.08722787266544,113.52684279671175,99.78318488290803,720,1280,257.0141942693873,466.2239158899654,81.23236003973803,1213.8458447917455,323.3578473396607,250.11371827525653
male,178.44907305355673,98.38779798442076,100.80724299756419,133.3023778768519,109.08411104119676,720,1280,246.63817877560479,474.2229295818509,68.524346043086,1239.5236064185037,356.32900487108446,273.4454270832119
male,178.04849064967163,101.2351132772415,100.39303558083203,131.7887120904536,107.81714238130527,720,1280,246.87067831851004,475.27631727775946,93.66543772158566,1221.2905595883271,357.2810559785008,276.95537023071734
male,194.61219789351196,100.27826058864255,96.45468621646893,128.41411268227313,103.57711083290991,720,1280,258.230172977621,462.06358286015205,68.88187812559669,1208.4699708577436,310.67691217425323,243.47084572895182
female,171.77491549792745,50.58809761934992,67.80869614639941,90.56836703597648,80.55403453437778,720,1280,279.5496515229702,441.9755683451188,66.25285396934876,1237.819065137188,250.7583021310989,194.6180583470818
male,157.87712634778782,81.13346390219911,89.09973405696807,118.83642478941873,95.34023232053977,720,1280,246.03397640651727,474.51754189124676,90.26885707660496,1210.1531431824767,353.51119412808794,277.78877044207564
female,176.47827209558477,70.30248100773446,78.47790843406406,105.22429897081678,91.22252976275426,720,1280,267.96066006095805,449.8945565137002,90.07740404889947,1230.108278324508,280.7758123133854,214.5737880458402
female,179.2632391201363,64.20186554383395,75.88512692114043,102.93823105757355,90.45231077161377,720,1280,275.0789343047121,444.6739796291676,66.27661544101389,1233.000462715008,267.8932268321258,207.80732741287053
female,176.25122215267442,70.86926504546337,80.17212672835888,105.94580244390403,93.3542198407825,720,1280,268.0260742370195,454.1144339936777,92.13226425748816,1229.8390244755356,289.67145749805053,223.79625852407705
female,148.74239994360576,81.05468202571214,91.63216074391812,122.54419880029708,107.24886711991442,720,1280,233.57603018291837,483.5859969660267,82.83770519884752,1209.4301403760542,390.387454632038,302.5758107404142
female,162.82786010036017,53.524556761992116,68.93596393282105,90.99181380673518,80.5681537008879,720,1280,273.67370507079465,446.04062584682623,73.07218005960695,1210.9797655851348,267.0832041063294,208.2635508298591
male,175.19782192367202,105.55209912061102,103.91330040657206,138.28387011681525,111.04765431604115,720,1280,239.2605614579684,480.0499983260681,95.84441484612529,1219.1098006517054,371.66507557301236,288.5476408994305
female,177.07429010613492,74.55902046019561,84.17211225010522,111.91629512105987,97.88793359082592,720,1280,263.74679238485356,457.197497205266,75.65973132490643,1234.8397431417052,301.04987656862875,234.04414534730785
male,163.30021867942426,51.86177625825281,68.7430354586006,91.69527104532075,74.80943926208518,720,1280,274.79586642405445,443.9761524284697,71.0307032083766,1203.9162655295245,263.5594618395769,207.2642922268595
male,161.90992192121286,53.09610868770804,67.74907310941796,89.80944224063597,71.73065418645285,720,1280,275.97472077812785,446.1318679901278,75.84474780042781,1235.7647075246973,264.69446147771845,204.57311409653536
male,170.04953029899696,63.797390555122476,75.3161641930644,100.02973791334261,81.09644741339828,720,1280,271.14367196147373,451.5187475791787,97.6347891091305,1222.4137423525726,278.86177799282774,216.1761222278416
male,190.01901603371437,97.86590994406788,96.3922660311729,127.24996952275912,104.75492461187244,720,1280,256.97733974684746,464.6548707963531,88.1866150834559,1205.6429870186203,317.92095922075123,245.60919918931725
male,181.83354915648496,85.14574542292416,87.87447134847498,116.06675726999447,95.50412959029994,720,1280,260.745479515566,459.92839085932565,98.26928572328558,1235.7889879081827,304.51478129728196,234.52236580046502
male,190.06970647346043,96.43501315537802,94.19607244906837,125.23315428521985,101.67809927140594,720,1280,258.939008139392,460.9300153245571,93.8474539438176,1212.5386092051317,314.4597200934609,243.6056294060428
female,179.7740215291961,83.6202160653508,88.11203553823712,117.18731024458029,104.64390315798435,720,1280,259.9635653218155,460.39792178297296,68.70740112181124,1233.4508531485135,306.76421501126237,238.93363557452946
male,159.77458594282004,60.93550311574579,75.60316751963994,100.2020661233078,80.76127805970775,720,1280,265.3166920939231,458.19693478998425,95.52908731809289,1205.5171501835105,296.4328118854192,234.05213809225
male,162.59499945344942,56.12211164338981,69.50933253558368,91.41224397365208,74.07926335347688,720,1280,271.0134383966398,445.5090623686092,86.47467125973574,1203.537337759909,269.01537927569643,206.6018905523296
male,191.52227955886644,84.04572441258341,87.27858679581414,115.07550371932066,95.55291412123047,720,1280,267.9426176463478,451.39307745492806,67.21824857677285,1225.927779577539,287.8800260700606,224.1154385029244
female,149.28615257457832,64.87119693354067,80.8887320136865,109.36976215092767,95.48378438908266,720,1280,250.53043324138363,470.7845885351646,92.61710227840153,1210.776736141539,339.6650198735644,266.6125184487225
male,180.9680797254697,101.67849373549848,101.77648659224249,133.66067833710085,109.57676759859112,720,1280,245.12664695349463,475.33363014679696,91.87149671710654,1214.628382197382,353.65526939573283,277.09152027441615
female,169.58122756044062,81.53599306543927,90.73940206381894,120.51566463068981,106.81164342873417,720,1280,251.15815438422243,468.88321857700214,89.95007372167035,1237.6874149794662,336.3606755562696,261.8541792378792
male,173.09448899349667,98.39123992163123,101.37333358412735,132.7631522492598,108.67314338776409,720,1280,239.22519067930537,479.540953039043,66.7883829577811,1213.546921863083,369.0089356651393,287.9445528929142
male,181.8380124768754,77.58356509171847,85.1633012115814,113.21363961840298,93.29776115157865,720,1280,264.77499127898557,453.87325031158946,64.88970270162861,1240.474676969777,293.24233976130546,229.43788346680668
male,191.11660450732455,55.84053470107045,74.94634658151203,98.94604519374182,81.18741815419455,720,1280,279.06416997287494,437.9338181699034,72.1427004420016,1233.9512207228659,247.16212578811408,190.61960662670595
male,192.88023940506315,106.67351881067735,102.42445837506754,135.06614782847458,109.80339719585426,720,1280,253.4391323787394,469.93847250584855,84.33610421421838,1223.7256394136036,332.7609588688112,258.64711877499445
male,176.89593743376113,58.649399601228346,73.24219687016341,97.18703405679847,78.68246040315537,720,1280,275.0448657880979,443.7421506231509,89.56518286758327,1213.0215355661044,258.6073490975324,204.06991444985047
female,145.36155260508784,69.15829967607993,82.85063192408137,111.0062038920602,97.88077177956173,720,1280,241.97708915256294,477.4681586412139,78.58872744800912,1231.2500983943542,362.343275065992,279.5324167319825
female,152.4937462061819,82.9292238756956,91.92789283199993,122.34624102451329,107.49637975036121,720,1280,237.34830579350088,481.2518001310103,69.61696540104278,1240.1405701000047,380.949959988977,294.72302741174695
male,171.01040081571261,100.83129925372364,101.79923019365756,135.16287863938211,108.8267872711194,720,1280,237.71559399104683,480.794661991513,73.3142164761326,1233.6144284310174,374.00435562084584,292.20641969010575
male,179.9340764931471,52.46648724431486,70.32170909275666,93.18126588711013,75.95290788231347,720,1280,281.5076677870818,441.4074683396953,72.44942404613964,1231.6420186888465,247.9249821400331,189.95239291833872
male,181.39445737566038,77.67599005887674,85.8755667725723,114.04019568252298,91.7235865295397,720,1280,264.57120055613586,457.71839387820876,69.52124223441079,1225.8608433816012,299.53685411478307,231.2319994081189
female,165.27355912098272,88.50604408734263,94.04973203457155,127.4320737804067,109.6309006525951,720,1280,243.0155287219136,475.8082370626907,74.05164398542708,1215.388345180689,361.3183025917261,279.435822200364
male,184.64611583726702,91.73173904756376,95.54573306012314,127.11812278600993,103.50072561071704,720,1280,253.91307137934248,466.3347363913469,86.530585511849,1229.4672396105857,324.58690441708296,251.25651976776237
male,187.7877605187328,64.30306679073497,73.81560948390468,97.50538662034914,79.83719531304938,720,1280,280.4551760604976,440.1301560180394,92.32242916487975,1220.5407477712154,247.38630615857457,194.6347848856143
female,162.44163508530835,55.98519112343757,70.93347105011867,94.73205681500498,82.33070357521764,720,1280,270.6866470017303,450.91964651015934,73.90010018721662,1224.1974291365627,273.05027261038083,214.50930146860344
female,163.61875661236385,86.01958511275188,95.1299227862338,127.3655000978822,111.2237349630885,720,1280,242.1429324037218,478.4276399397665,79.3560024312255,1223.2470751901892,364.3951999401648,284.4046751641383
female,170.04876789887044,90.51924004250603,96.61142163466498,129.75076729943197,113.49953897196136,720,1280,244.33835694777352,475.4554758439806,69.68464561760817,1231.131684107678,356.10578425117035,280.0367293419575
female,166.61791887338885,65.9457727783475,78.55104767438773,106.72333815302002,92.4427492076899,720,1280,265.3191409950392,455.9089793533886,68.69407777838259,1230.978855925883,300.1056818702595,227.73881758618168
female,148.72127948430656,93.25248933443703,104.01198391151559,139.8427848178818,123.39131075361291,720,1280,216.03695374754298,504.35390901534555,68.86072939323012,1208.3461058962441,440.71368573565,344.91065634119457
male,187.01512544468028,108.35011452708174,104.83500243105789,138.93512841329647,114.24676544068782,720,1280,245.8564930824378,472.9829917929508,90.69323988424138,1232.5766486990444,352.08528914629835,274.983214908536
male,186.57842462106115,73.23228591149517,82.95788031755352,109.91593554123348,90.36852527647196,720,1280,268.02613504866616,450.84041240858454,72.6469814119385,1239.1506748270494,282.44439330116296,214.91451017570742
female,169.74743483173853,76.52065646307912,83.37351592082476,112.00656899722301,99.15338926173717,720,1280,260.62435948407256,460.13432556972214,73.36380850975127,1210.1515578771907,313.12773083289756,242.70170939506627
female,164.31350850273788,71.59073826963458,81.86149395258829,110.04029361502606,96.60137485305424,720,1280,258.6356179329135,461.3493932058812,70.20074654399846,1238.9447645706573,316.6470027229388,242.06349970609742
female,147.9442123155227,55.35599765138217,72.3828183166508,96.35323343783348,86.47052583904836,720,1280,261.096285457954,458.01714057088844,65.46145771768263,1231.3947433450494,308.1855167517957,236.7903072909869
male,165.2981862461629,53.783283646656194,70.8697007556209,92.13703638546498,76.00752371459632,720,1280,274.13972570242674,448.07052976911547,93.70993600550645,1220.8619720318163,269.68009699715776,207.23711565289503
female,155.42375364195243,42.12727689728477,61.256448898409104,83.01249140427761,71.85788290994056,720,1280,278.9960015865296,438.34108405075654,93.28761507141908,1231.5111797959746,246.06863760173695,195.11539848776303
female,159.57806186889914,85.91147241093346,94.93865100151504,127.30815700902494,112.1102161940423,720,1280,239.03421164797794,481.12837694992805,76.19268310017563,1222.9269675758153,373.15529665808856,287.8807164151379
male,177.02386193284713,90.26084634200194,94.97916561845138,125.02190649304099,101.21179675849274,720,1280,251.83701122676425,469.78999196365464,76.47048201931062,1228.2600400389103,340.26921784983676,263.5331648481316
male,191.44402400702313,97.62319581534561,96.04013768593504,126.35563643841199,104.96972968077478,720,1280,257.74159664438,462.89645582871407,78.56589099640993,1214.9108240893777,317.9392713869728,246.07082618617233
male,194.30191059861025,55.87311244412514,76.25654407472953,99.64885088349453,82.75212289403692,720,1280,281.505054502463,438.75997428048237,93.7433367136504,1232.8291874151594,245.04087943928138,193.45440860515853
male,173.64928360338084,73.25694366043521,82.78215343447212,108.0439528865715,87.94703115484003,720,1280,261.4511230486845,457.7459364642787,71.07066353703712,1235.133351245851,303.08794171797723,236.03168124281152
male,163.86810964209366,57.18423131683319,72.54703150213507,95.29401712133772,77.75480778839894,720,1280,270.89687135813597,450.0771466216729,94.23941893288037,1239.887299459547,282.2617015113788,218.86099750592544
male,194.38740676536773,100.64379111927568,97.14147717107784,128.93422868883266,105.13585370393247,720,1280,257.45477849539293,462.4445783078203,95.73458330609006,1204.8027830668461,317.24123017794045,244.8119585659887
male,182.14684107334773,94.72972988987979,96.3227261330684,127.65891323046066,103.3641547769437,720,1280,252.47787258440545,468.1535216582411,78.34137556816104,1234.1490730377977,334.93250142167113,259.93282286995117
female,162.16911694892667,85.90610725689066,92.67388503907316,125.112203727476,108.43708912247376,720,1280,244.2757181674155,475.2655616218147,73.97096467106485,1214.4281527261383,359.79815281882554,278.91703928500743
female,155.05018965914297,56.954374468796225,71.93010761617646,96.14983146505965,85.09573745031395,720,1280,264.64673960828384,454.80122981792704,71.20257908762993,1216.7808708411503,294.1635893071847,229.3436205477919
male,180.13629925669733,108.80563984772135,105.46388403324613,140.56984958576874,113.5453999681315,720,1280,239.61116272184634,478.6817000170575,76.39858336594389,1235.5498317551978,370.45659878459827,283.6565731274827
male,185.0430716662788,89.23760136419568,93.09640893226397,121.65231263801766,99.5212701647778,720,1280,258.2951265658932,463.76653746324394,75.30838847712195,1223.6336518145495,320.57678822163643,246.60253067944637
female,162.87917871586643,92.48305235327632,97.78947116552887,132.1454410013993,114.72590639541089,720,1280,238.40809292828095,480.9066281812194,94.38709525805194,1222.0210849659923,382.1050331286817,290.7396555739522
female,179.76565580951095,40.7534687679363,71.4525339445783,95.71331172884399,83.08647281942508,720,1280,279.37333821782516,442.1084367195813,66.54224919758852,1233.6847492826607,248.67753523634562,195.91659814292296
male,190.96500746157145,102.72301270666473,101.02867045219443,133.61332348459112,107.61858522868437,720,1280,250.91731393989755,467.5297171220765,90.533158891568,1206.9482118845908,333.9492954700251,260.37937151447323
female,154.15028938372964,65.86529603167048,79.96547552626662,108.05208916015485,95.35615579639358,720,1280,253.7821289538585,465.7378816656739,87.24739895475679,1238.7345371481417,325.7590662465838,252.89652927008123
male,165.023195083752,86.99622980264752,94.06263955314847,125.47783851038089,100.20909162198609,720,1280,243.7885488970194,474.23017028419224,77.85831717969246,1214.7171839410562,362.24577121317776,276.630911045883
female,147.3143653366028,60.37925251153207,77.1143051135768,103.67900670952763,91.75304400656503,720,1280,253.74246006611088,467.3703237156025,78.55686508229208,1225.1382446165703,330.7831995511005,255.06145987953542
female,168.73100193358263,72.16264073529057,83.7278482717143,111.41598350954118,98.91980905197757,720,1280,259.07204319884215,460.26893234088885,98.59577290007519,1213.3675243474213,311.8492380500471,240.75577997630998
male,155.71725174036675,61.80280757956871,76.64285079763512,102.31360676029998,82.69997918977144,720,1280,260.7225995625357,459.682685683712,71.77824510410377,1224.3538797360143,311.3391974788086,238.87039549804825
male,161.535212217747,51.8477640467757,66.79819251114846,89.1367209714142,70.74534012932186,720,1280,276.24172351877195,444.8954890036032,80.69636654420152,1219.2743687892066,263.94535072949293,201.92406195985268
male,157.1673582883159,87.48585182767937,95.13693279769652,125.92213189305261,102.509299090892,720,1280,236.23731347046757,483.60822237434064,77.54209721385932,1213.3782953049504,382.5694345718012,296.35260945892594
female,171.23207448488836,90.39050982493686,94.63160946632236,126.33060533173925,110.54014797365751,720,1280,245.44112829003927,471.7465546314619,69.28751737097541,1221.1753327945078,351.29366113770857,267.42631089369326
male,185.67260012220817,66.78429639923303,78.07878913880823,103.24186554876499,83.62165773873538,720,1280,274.8088374828656,446.8369699808689,96.3429560827636,1228.273569329272,268.4672943485675,207.0280208861871
female,176.22629973789518,93.98384969162629,97.47080383139766,130.4299894175333,114.30469623445396,720,1280,247.56369722092,472.4762200017784,86.4866590840121,1220.9065917725927,347.26515645716177,268.11006649742336
female,179.0427957456588,65.93049893820458,76.35431946007824,101.87059438818386,88.89859487134592,720,1280,275.0129791531266,446.94045966638515,92.11178334581209,1228.765551551828,269.91072178707793,210.88446087523306
female,148.23433091347076,92.6798675693909,103.8593356840383,140.61199335938176,121.5349562781504,720,1280,218.1498490320066,503.61495322517214,92.46855096966502,1231.4761951498078,442.19037526350746,340.0495828833829
male,170.41164549058502,73.99600358345077,81.63281072943195,108.12811323721556,89.43382221473183,720,1280,261.74860991909003,457.96640371920324,78.80630169263101,1231.6818486262403,302.8500981300444,231.8391005768692
female,165.02918909369762,68.99731513498776,81.74655018891583,108.56581463338122,96.61769269007135,720,1280,260.0492096603556,459.7669014937362,66.07987348678542,1236.8316336340813,314.7683852408611,242.67598958039704
female,155.59914513512226,46.38406782904762,64.79255413645885,86.84029125392136,75.1365627124903,720,1280,274.8390940404246,443.57391092102324,76.94208212657213,1217.8875291760314,261.0506108681721,203.66937256752723
male,191.39305326551073,91.19896830300834,90.4553513190056,118.005196266155,98.83017255749031,720,1280,262.8288552385447,454.284697016718,68.52557272649496,1223.3914497288674,298.7414420690342,233.49199250697154
male,155.962844697193,73.13190119576123,83.50379015317466,109.1310230658348,90.76712717444526,720,1280,249.3031813663189,468.9551296020266,100.53819204776717,1216.325475873306,338.02023319501154,260.6684714858004
male,174.6902398150866,51.311008148561996,69.67525976062102,93.23518032221301,75.73976043706594,720,1280,279.4798701664537,439.62084069800557,74.14308625674772,1226.159639190842,249.99268333571908,194.54037589456735
male,178.18641011480003,101.70536585467799,99.47221560975,130.2368255412746,107.93929639247229,720,1280,248.24291825568653,475.2590916857368,67.62364849267995,1217.6684247182004,355.09042694356117,275.27983877708397
male,170.39343745737685,83.58685554135987,89.99181550582061,119.8909921860354,97.1571806706489,720,1280,251.97141151959366,467.7944740067974,91.74996380466544,1203.4246062198704,336.0791126927211,256.80819168517604
female,155.48330127355325,46.150943348273934,64.68235635822062,87.95043720829156,75.55555220843613,720,1280,275.63561928333456,443.8785424090693,70.85468467615792,1221.4733925285047,261.5225087326366,205.4172356727396
female,150.0140141903338,41.02123498407234,58.745646392413754,79.33373093521843,69.77190187673612,720,1280,279.9903988748118,441.6616280524962,98.09743867220293,1240.8618634432119,245.85539277185805,191.54667240016
female,166.46737224802905,65.08680700532628,76.72096910979293,102.82171076036542,90.36286113121906,720,1280,267.7442422417547,454.58359250929647,65.89775918066567,1220.3342695444717,293.5006818676472,223.58270389562037
female,148.80110953751995,45.03615151318152,63.925226990172575,84.96357024989865,75.73040690481005,720,1280,272.34750986644093,445.84573156112435,97.71137125683117,1236.459069293721,269.7434372117261,211.21412788979907
male,181.3234737666801,56.78464899966399,71.92361554678389,95.28933413773825,78.15990202358537,720,1280,280.1640000192524,441.5183574213148,81.15534455330396,1204.1907780398672,253.2822554216802,195.23014085845344
male,181.5480677123108,105.30243117991898,103.54636011327803,137.98205407975777,113.21637928445422,720,1280,242.15262894012395,475.99160125194675,75.32704909669947,1213.0518906237282,361.5238084392106,277.79273897819445
female,148.5810709194657,55.86291825343102,71.87554437783965,96.81392125882533,85.31210060371691,720,1280,260.80463276758314,459.41871376839686,67.34213222105704,1220.3087238401424,304.7045727231278,237.3773267956134
male,161.71260677118156,72.24816898724251,82.93566914915655,108.93999738769155,89.49782276886766,720,1280,256.0982788085254,463.3736795677182,75.3564101753181,1216.900953699264,326.56471048945593,248.15951728172777
male,186.98061070479224,72.04872238974859,78.93176810251538,103.93814855226849,86.43977226140426,720,1280,273.7775201991326,445.96981328510645,71.84863605262146,1225.7198829272793,265.8170651607211,208.63354105348725
male,181.6260480337836,77.67180621268591,83.52985148925592,111.04080423818695,89.08706756643227,720,1280,266.6279068558658,453.40717271146553,70.34457807125199,1207.0142069100602,287.94715466509183,221.98586880548694
male,187.66351387231876,59.28303669611111,75.47386350744704,99.35844223108313,80.52642192469628,720,1280,277.94979286347854,442.5207529964779,91.09923152715533,1206.0117348600377,255.43369496493827,196.5475228447721
male,169.10142396478352,99.21201806877028,103.04235216214438,137.1311069000058,111.61177272799688,720,1280,235.89638310100472,483.80709725089054,79.28159722802678,1231.1824720862437,382.8934814283593,298.3537425728352
female,172.50551632551014,59.37473474841838,71.45648449525218,96.95313885081347,85.48025210035605,720,1280,276.59816926704934,445.64496918198347,92.1025416668141,1231.0825574832666,263.11572555623314,203.21631526249328
female,148.61453886111624,88.0158685641124,97.38415068721194,131.03058227395317,115.56715819231485,720,1280,225.6291311877984,492.80521644497327,73.37582838383115,1215.7594495477201,412.22059322099597,323.08661300865157
male,159.36951920641758,87.44015220130925,93.63714268505899,122.19079734869261,100.68721374653543,720,1280,239.94272927591524,478.5974353148498,97.91223830991699,1222.3446020130152,368.80795335208,288.71187832460066
male,194.08281836426977,79.90811059657334,83.5864886611105,110.23121222451218,90.86742758860657,720,1280,270.933406968306,449.6344757193965,67.05124348660064,1221.161866014848,273.3007494586852,212.88905301007364
female,171.88994531114074,49.49300949915411,67.1534819511145,89.52540033157824,80.71338565315767,720,1280,280.97061041428134,440.94723081055486,69.37333016885937,1216.5923846348705,247.73500681521554,190.4971730386325
male,162.901576776128,91.3018763687829,96.1760916046262,128.22658009890657,104.22888623243401,720,1280,238.42039800833373,480.15957242706577,72.84565899103127,1207.9922407656668,371.88774615796274,290.840381600105
female,174.02519653213898,50.82857741754559,68.57284948412719,92.82750364163199,80.35843439901583,720,1280,280.2799284623577,440.0761695407074,70.14801917984023,1234.3468568665928,247.05866308377668,191.6194283290021
male,170.1836210900267,71.58112745202251,82.74227862111664,108.78691416776913,90.43771211339113,720,1280,260.2275948328008,458.5710295581818,93.6164400378656,1217.1503703184244,308.276303015699,237.6596563434119
male,158.698771427182,62.95544871933215,76.2197747809772,100.24683149237882,81.35421809514193,720,1280,261.94565640286226,456.1226789160539,95.88278752474329,1203.9843902873895,303.9785068426393,234.7721786389523
male,155.0443442392758,70.44191612282859,82.99507752465962,109.63910187737015,88.64694016322201,720,1280,250.53889465945366,469.0918710579603,94.92199039247981,1224.4712860160068,335.23289242433447,259.24305397034044
male,155.98204692901345,57.99983130127883,71.41476319523758,94.6720526999102,78.04132847962542,720,1280,266.025904284636,453.3202915802649,75.09439009332985,1233.3758870419435,290.12783359625314,224.51769585923194
female,152.51732651928677,69.99991341807053,84.67039741106386,113.54182645466805,98.70276721925141,720,1280,248.00093584167104,474.22249166405845,98.09723916084806,1222.1506338632976,352.51132322925537,272.9239448883928
female,176.60593671766827,88.26384008734107,91.17932525779159,122.69381312929423,107.14628696704938,720,1280,253.64133354186376,465.99464497825335,75.94819499402975,1237.3500178266415,328.29852099928485,252.94726578652669
female,174.15686122864162,81.77696431073048,90.28784636156944,121.71353279971775,105.05554105821675,720,1280,255.4064090401458,463.89118279479203,88.46536830137805,1217.0117731963292,330.2487167475586,251.12411290752937
female,170.48553803646266,78.24883505097506,85.07058913236347,114.84878408929175,100.3965804902241,720,1280,256.7847180205938,463.10357457459423,82.2581759291144,1217.3498750690974,314.2407364613802,242.65384894210783
male,189.34769363236222,108.37673538011146,103.51604728665126,136.9060158923721,111.74929755928164,720,1280,250.39192104071606,471.78186139513423,74.51574296492129,1217.5109511519,346.71875506471963,269.5917320024854
male,158.53505104051186,93.24138617471624,99.49227952721849,131.70536167838472,107.30551859662982,720,1280,231.64468428161624,486.06959998593715,96.819306166945,1216.792999734986,396.8164766632949,307.4556152261264
female,177.97315485180428,91.09093337692534,95.73642365498137,129.4553839088518,113.15575948378974,720,1280,249.28290513114504,470.55982891155105,72.85829253928725,1223.8888073557255,342.25657230244724,262.2334178402957
male,158.71681690628168,107.28548652265698,108.81229256352228,143.45760474094823,118.76782209540023,720,1280,220.7839460583898,498.3424493542252,88.76775256635042,1207.2983349309332,435.52293890891656,334.1406047022616
male,187.3587420646872,92.64105978715439,92.48441353796282,120.72626807739141,100.96824819154583,720,1280,259.4881706330444,459.07521762984993,99.61347991057785,1208.0511593301537,312.6887712054245,239.09668603828325
female,175.56937845503523,40.02940721729026,71.3753949905664,95.90826627595514,83.06275593091024,720,1280,278.82687811918197,444.7385546425733,102.34052803957863,1235.1628624133584,254.6226888669263,201.68983668997362
male,173.6477804406935,101.4296694299351,102.98694857363031,134.96363718595293,111.93184762859568,720,1280,237.93423446115918,480.41065829764693,69.56670955660961,1221.8223750009874,376.6721728351607,291.4127092412658
male,169.85332000630527,97.43596569927655,98.35929173330378,129.9821049952191,106.52475319950717,720,1280,242.01628038930863,479.67698002384486,79.60643075898835,1237.257962269165,364.65914536894195,285.59715363021076
female,168.66584218855868,50.382825749354716,68.80199889801825,93.45427965954467,82.38425643599089,720,1280,278.4668894656026,444.65887289811457,92.66732130974492,1218.9814242890568,255.77060527104675,198.96582573354468
male,187.79956449696883,69.75729445908652,79.45242069619671,106.21950259948832,86.06891127036997,720,1280,273.9786434770347,446.707693837717,91.05204073165582,1232.149093249629,266.11394243546573,207.5639527677629
male,187.5678195868241,50.8226295047669,75.6782196381083,101.08110756720889,80.81734235842798,720,1280,277.2515431513058,441.1917803920105,83.56470209612323,1228.767222881995,256.889053512502,195.58120906279575
female,171.30859723429936,86.89334499615148,92.78935488697138,125.00341618868086,110.53782499757766,720,1280,250.4848570676494,468.5676623554449,92.39072371104206,1238.7047993243464,339.56615929086985,265.27025007009706
male,185.00302189944446,78.93431065869694,84.07896169667707,110.8808214223585,92.01837619683465,720,1280,267.87225899740866,452.46436517892005,82.26376973754012,1226.983523729527,289.82039308586064,224.7999427868622
male,194.4644733136699,58.567488232478766,78.59722761017758,103.3034091060827,86.20196869283016,720,1280,276.65633208057926,442.3462461282959,85.43797062939893,1205.3465353913568,257.61713339040176,196.4628556874464
female,155.95947352110414,72.49965508655205,82.53202740539828,110.6076470872916,98.28053424701591,720,1280,251.11048681650894,469.6846446412697,74.7279631234605,1226.8541945010927,333.88573297331146,258.56642736787387
female,145.91550354301168,54.546714323528064,73.40765514093965,97.53404910959885,86.26162696778984,720,1280,258.7918790653467,462.299751534899,76.1680901931865,1227.021068448075,318.00316898846484,243.00545269503556
male,157.894421869158,63.65857434471419,77.05265404328404,102.87597484604666,82.03431818544503,720,1280,258.86794099053867,459.35073432007295,82.57640708261947,1240.1206550339361,310.14182751748024,239.45794502696438
female,178.15266605011556,90.1585461882029,93.91638086792571,126.28114565909334,110.6704413285062,720,1280,250.93399946689996,466.74083857852514,70.2475289158951,1206.6355166784388,332.9997704798847,255.8395719358977
male,185.22711484898747,72.61313130141846,82.60784357663908,110.29816175594806,90.27226396797654,720,1280,267.2964178557908,449.6864484894532,65.79875500167712,1238.5514455579546,284.36243361138696,221.0183619228194
male,181.60375583861688,61.238697236836494,73.97184775444178,98.48399808483808,80.65714881947767,720,1280,277.01448010033937,444.69965449201845,93.67921863086008,1231.7070167979218,256.21370211342554,200.18400656448563
female,156.21278813538615,41.619581406057065,61.07349293883993,82.1820435277686,71.02434751883563,720,1280,282.07308905748397,440.03704203919955,89.28746997536705,1235.189371375818,243.90921337201473,192.3523806938296
female,177.44652451908604,71.67317804150282,81.4438386016823,109.6156551062191,94.9276707147594,720,1280,264.7330882765705,452.4719440280741,92.72925775388842,1229.5011478136332,291.930631053257,224.26110630154386
male,165.81934542928656,58.416408995229,74.11933356968953,96.39569812159219,79.35460639611644,720,1280,267.1719462323217,450.35557795561255,89.53625656991659,1217.1050671946814,280.9152484952767,219.7131123501947
female,161.47942207956007,84.72698353756313,91.91694436448209,123.26568307221673,107.50127032208975,720,1280,243.7595474025214,476.25803148877935,69.68254103847129,1222.207058148429,358.05149914808425,277.90122344308287
male,170.48142806423775,66.38633763731524,79.64064412037075,103.80809755045418,84.87504026892807,720,1280,265.51615176355904,457.0351845204481,68.50676255972145,1210.3562721005885,292.6963774885078,227.25621725902903
male,181.60574526793965,64.79344755238424,76.03058578391429,99.24362886858624,83.40277955408042,720,1280,274.72796157697803,445.6503973978048,95.76211116905577,1220.5347652195208,262.98198281733227,205.40717673220348
male,164.77883621124954,59.1320794010376,75.02603047901488,98.32737698137858,80.29691266982957,720,1280,266.46356450068197,454.3756189275852,75.15724902837162,1204.5300233043324,285.74663937088496,221.21995302857832
female,146.3029086995647,65.04474733916172,82.22399656585826,109.506996326687,96.32345008257572,720,1280,243.78421691017343,474.2470479777243,96.80597355191537,1219.6304117059542,352.665482797962,274.8680997449627
female,149.93962965312386,60.890621601698314,74.4489035213355,100.02411182786489,89.07575514837339,720,1280,257.6948398105097,460.97351849130484,76.76866901620606,1225.2770540182269,315.59628290635817,244.55436198949226
male,176.59036463613998,108.23902763249728,104.89670674471918,137.32444463948866,113.37069829716381,720,1280,239.83262921993264,479.49479880851993,83.42797830691454,1225.5116332719526,375.96161936703254,291.83770696748326
female,170.41944248674446,53.37030652042993,69.10396806037897,92.08263144237166,80.62565397112596,720,1280,276.10866650404256,443.64628267552035,64.50077456134329,1228.9942449907808,257.3981688640711,197.60344114413937
female,150.52876822403874,51.61058888744998,70.35769090471643,92.80700903782927,83.63114317795599,720,1280,265.47388086795246,456.8626837112382,82.61654835551943,1221.9067649854744,294.3596296573405,226.51139092634966
male,159.35859066010258,62.04812544645147,76.98951729425667,102.84933039232965,84.51926839737811,720,1280,261.0334403915409,458.9746178214687,96.8482614431907,1239.4211123176985,305.0261912587585,236.64390319182058
female,154.07448078946754,46.64077415044054,63.646404823503694,85.07361178470184,74.78736324769898,720,1280,276.8349476933964,445.9334424317612,64.64461964279567,1217.2825934474738,260.3533462303417,199.7812768342889
female,172.7337994588094,42.47401589779809,68.3315094743985,91.06015946978512,80.65518215853464,720,1280,279.38139839657214,440.46257581534087,92.33575062467412,1216.4337468800024,249.33882410632233,196.28520734189956
male,183.0710554612362,84.81472393281885,90.65159031109584,119.43720644830502,97.76326888280319,720,1280,258.5783005145878,461.17144724212585,101.10898806135503,1221.5140457365462,310.0876621351715,244.25664223548233
male,181.45087352354062,60.07136997502535,74.02221905597058,97.1898055676673,79.04965398583508,720,1280,276.53108093841115,443.4475810002256,77.39742373661454,1228.0219902218962,260.53343899047337,199.38813243353283
male,189.56294517813248,97.54074142471279,95.22832252035997,125.32822985240156,104.30475685108942,720,1280,256.4771700371398,460.88671373234644,84.27350944623024,1225.5979168530798,318.6219108326713,245.86907227316698
male,172.13251233617655,67.20136682182064,80.28614705366878,104.77452186303313,87.48199071570929,720,1280,263.87242206323907,455.08360895842145,87.13112353595886,1209.3427559582015,295.3403060466307,226.19476361992125
female,148.51647936228238,90.90000555653624,99.72603011400365,134.25579063612167,117.60270371019556,720,1280,222.3776352922799,495.46152783216894,76.3441658496264,1227.1902240564004,426.1942206082085,329.15285897378
female,152.58647905090106,49.50126870825575,68.05032931168532,91.89992551378832,81.28991645592407,720,1280,268.621317060777,451.57789613644536,101.79382394320848,1217.8856164587662,281.22963702707887,216.6435515335861
male,192.16992386826428,61.38166902714545,77.69258045427098,103.36369303772348,83.26461693764941,720,1280,277.23509106194456,444.30516817539166,94.38386060831199,1227.170554891928,256.0904699503291,199.43621217096046
female,174.37758051030497,43.0471464667486,70.02578209661975,94.77675378853863,81.64220996032508,720,1280,280.06825676103455,442.538146829753,66.4649882884963,1211.2931939176824,256.16603772940704,193.85122724284253
male,181.04451246565807,70.16572512699008,79.75765697196623,106.23417359234296,87.26986608465451,720,1280,269.38519281888586,447.91584263701895,74.61962844994987,1238.4296861058576,278.53604909169275,218.03127894618117
male,166.9132476617544,82.65152822555447,88.34056951063882,115.62907048648714,95.31149206029404,720,1280,251.2212002536046,466.2478026027249,85.98796757000119,1229.6600085531795,333.84248147501404,256.97433281965317
female,173.43367143879223,46.058119171665446,68.27969898460591,92.86755222029552,80.79863566189273,720,1280,277.8046649681797,439.00763238956614,93.42163155081978,1241.4492398354867,248.3110502779062,194.22921208788557
female,150.62745360915446,58.61529659209768,76.25117518367891,102.81147939871408,88.940300654886,720,1280,255.31334036733583,464.639797702824,88.00774479368948,1233.6313492208226,319.84519928005653,249.1507655435202
female,166.1103896518662,87.40673779873528,95.06478965600226,126.23284959991054,110.88375216679978,720,1280,244.5250303973766,477.74890964411463,97.25668209504902,1240.7413507607705,362.99938701069897,277.22871886918506
male,173.4537718873011,96.41523869672022,96.83331862317911,126.38733507327804,103.96291770430955,720,1280,245.3348615293795,474.4746618965547,90.54622042139391,1218.0134147222411,354.96484984383795,269.9673204772388
female,155.64944765788968,63.860138308489134,75.88169792337796,100.92328600962664,88.642804823806,720,1280,259.42571123316776,460.3797725762792,79.46892139561855,1209.5785799030546,306.7802221832127,237.0246847478402
male,169.69186735600255,89.92648791989441,94.89925321043194,124.32926962163094,101.8115023677171,720,1280,244.75777977506166,472.6495791137881,89.98194078771684,1229.592816850976,355.7226960734583,275.39589921448555
female,145.39293236071904,83.65977521878577,95.96027871711162,127.28240006557049,112.22344610579154,720,1280,225.57213999880994,492.58620920401444,98.97671492500315,1235.6921489028664,414.2411462145783,320.011623986531
female,169.0431540431625,84.03008971252729,90.10006094146738,121.54927950113766,107.0988312395908,720,1280,250.29568032913926,466.70899896651747,70.44913078157605,1207.591986741666,334.4543809619761,258.0535555539082
female,178.7288377055657,73.4222714073684,82.97051558138327,112.49891814939839,97.59547910334985,720,1280,263.873540049897,454.10443228877944,65.32335200547718,1230.601465869866,293.5511530617676,225.11442031851692
male,175.88704955802098,71.05807187194506,80.94521288548044,107.6785653821769,85.92670654815603,720,1280,265.7913456220735,454.9563962324084,71.75561115084422,1237.431411776203,293.5959801666748,227.03211381715852
male,180.7373226814865,96.40824633920394,95.93799359611529,125.20558332193599,104.74677773126528,720,1280,252.20428260290862,467.4505590923744,86.92782183338727,1210.1268948162333,334.9901117643773,262.28962145549025
male,160.73115646095843,59.49327040812247,73.10478346248033,96.86819184441518,79.07689476793068,720,1280,267.2332539100051,454.11026988551714,71.98271268143674,1228.4700711115765,289.4234574150445,224.48096068532965
male,162.14576290450958,80.37246804589566,89.60574590198682,117.13536354175521,96.48854527828414,720,1280,248.89937224234308,474.1127985540732,95.1713985737737,1229.035412339268,350.1663128545024,270.62501101068545
female,157.2557655290492,64.62261963317943,77.34650366531118,103.76018982386405,90.79298485581641,720,1280,260.502206142095,461.52330160904785,72.83664843554484,1228.6807684853447,308.5554693453566,239.64689652174218
male,187.92613972545263,69.37987562529521,77.9798728332803,101.78144555394383,83.55560829997651,720,1280,275.2514583916817,444.5886837984139,65.71820935868664,1211.4372278056057,261.4457758569345,205.187461376512
male,161.91162429616324,80.36814132931097,89.08871526054537,118.84306426747519,95.17489924732884,720,1280,248.36036938196546,472.890862456647,71.88476798130785,1231.2006753136911,348.80190564601213,268.0284555579816
female,159.33974149338826,44.81835203706574,63.30662685520168,84.48470410014224,74.46679109768066,720,1280,278.1784830952733,441.2143749557496,99.26116167366953,1225.9608946715944,251.42962459466926,192.45151534882763
female,163.96988568534928,91.71373845217587,98.91165107472743,133.35974120101838,115.94558739429208,720,1280,235.23698646970792,482.5774982716095,87.88196862783244,1218.6234188119038,380.9993217390334,296.28999467753175
female,179.0458583580592,50.21182575077016,73.44920879274267,98.55487875865623,86.24504609115253,720,1280,278.07678173139266,444.08406273544136,88.01924907226672,1215.3204426998675,257.87480933351253,203.07898968318514
male,182.93183928711898,73.80791333279195,81.25561486851602,107.74789986767857,86.52424739217216,720,1280,268.5997600941625,451.2418354923034,98.61398609538264,1229.9511489967217,281.9464855710298,220.16526302139002
female,158.62080942794043,87.21941112883628,96.1314604266152,128.53974855756346,112.96015541012544,720,1280,235.56591868373545,484.05291971997787,86.74812130696722,1208.1376177897598,384.92002287994654,297.2434371940196
male,173.57593019499183,109.74104734434768,107.30991436855537,142.55547274335308,114.77959004690078,720,1280,234.77862884855514,485.84140786474023,83.2397265223068,1214.6124072578878,388.9310272030344,303.1216842853814
female,173.63020530703525,78.93394232325414,86.96025483946062,117.88572355824208,103.33152987647259,720,1280,259.0735099873266,463.9595453340828,97.35626747849295,1238.2163158374394,318.22283966050713,247.06205307438358
female,156.60094474061125,41.437278063395716,63.49589475588211,83.91569087241503,75.32155663704256,720,1280,279.2577148060673,442.5357524629665,75.21986449096217,1218.9361505226666,254.1345414074665,199.25317387631438
female,173.64638685468995,85.57102657281456,92.44768279712032,122.89710680875248,110.18298218394618,720,1280,249.6503366668532,468.35797536803966,90.39262678055559,1217.3459611743554,334.9717995666385,261.39045883475575
female,145.71067252223136,49.076090303569565,68.36322247901374,91.86945174464819,81.36327495370001,720,1280,263.7328049978778,455.6468784590338,76.74600007081742,1229.9929103494746,293.7268696537664,229.13567256901436
female,153.20015258568387,75.2404496057332,86.43973951952347,117.2648632920011,102.52939638840556,720,1280,245.25019721521295,475.1880736109713,91.36671672834126,1208.5085030672192,355.9053673617075,276.7480893330585
male,161.3008252935747,66.46174167869998,78.99997839670843,105.47217364321139,84.23877454618226,720,1280,258.8266393355857,458.6916178649793,81.13750138940682,1236.7901615627547,308.1979703148283,239.06332624658106
female,171.5211724481736,83.03173818682275,90.2427179745845,121.62660857166043,106.81203436647698,720,1280,251.5857872293866,467.5951902376004,92.75440098314078,1217.142170328837,332.0752303296084,257.011108118149
male,167.8081399837681,86.99549877283718,94.32965439968594,123.4621076381906,100.51024230426141,720,1280,244.4991595409401,474.9523333611493,88.94655747029249,1213.768891073282,355.56217231213327,275.4989233174939
female,173.69662974945206,87.89192045752984,90.79294985481263,122.85186975901223,108.012214632097,720,1280,252.42288823851513,465.54685300274315,95.53716095211331,1214.8322513563367,331.409058443972,255.81280286250984
female,161.71464830565287,66.22978087934824,78.34916712621417,105.44951590545604,91.41783747179157,720,1280,261.57697017004335,457.2628991567326,87.47362268171892,1224.7447626159346,306.834351997121,234.77630862689915
male,159.3129465701107,51.87575134059821,67.9329681495383,90.68505097866479,73.23363739750613,720,1280,274.343790965,446.90364015436245,82.86896647645167,1212.487919939048,270.42730528194966,207.40850917027416
female,179.86758669463038,90.86794025563276,93.1284365261025,124.0606139633082,110.88724573620966,720,1280,253.81674900738028,466.88707510250964,76.33806909356468,1235.6246711868337,324.2358332899862,250.39615230450613
female,175.86674998265516,59.34624563169371,72.10647913184557,95.66817259124073,85.51787901422566,720,1280,277.93201780306003,445.20743270478835,78.14545854233049,1214.3523615926426,257.707267755796,200.5654956480189
male,192.99792037563358,51.74188940792095,76.86341071358498,102.2532986531673,84.49921391139185,720,1280,277.5159477910979,440.70606796386585,82.10346746371727,1203.4544795712557,249.43441737003727,195.0969309218755
male,162.15022960490504,69.45996624441918,83.21585422830408,109.64386839404615,88.56890397642226,720,1280,257.2029630646373,465.47711301711047,96.50402505700356,1218.259690175324,324.05958242751313,249.2374647931037
female,153.25635622622343,51.47978529495631,68.11344455592095,92.49545983304274,79.79630799577667,720,1280,270.2333489133275,449.71424372417465,70.05610946203927,1207.6898630708927,282.8493704183143,218.61993091698562
female,145.0745823386578,52.93150245068958,69.03242579845852,93.41367490500814,81.30535383499698,720,1280,262.11062285365807,457.75356892091486,99.90064880675527,1205.075127025515,302.51844041334635,231.80904673355795
female,167.63490372111875,65.36416440425853,79.46508975402745,105.3561487511365,94.51436858234462,720,1280,261.75503296599595,458.1173692193194,99.93542716964528,1211.1150047147569,300.9750796380605,234.45375075022014
female,147.58077672375623,75.51572815275492,89.87619914536985,118.95799870305952,106.06856891521484,720,1280,236.05075632106744,484.58612201216056,66.6596018115309,1215.6717558261587,382.05071307661075,300.0826453622023
female,145.28964426740185,69.60828861134007,84.74659385148158,115.01574580668611,99.59955562265553,720,1280,239.9526156657799,476.9845347951904,96.9552198301868,1218.9548175846385,369.03832821727383,287.2584628004051
female,158.71486701817835,89.01038728419167,95.02073900748596,126.87812708807168,110.98576608361576,720,1280,237.73825382792097,480.39974789243314,75.86680049731027,1227.0384869947898,377.784624685131,290.5544457285371
female,172.98782767597996,68.70683662076831,80.16462142031098,107.99439861438967,94.41299653568544,720,1280,267.3494107909305,455.1332501554597,92.63855363435127,1230.3832945957495,292.0316957789264,225.71583467106248
male,159.300891119207,88.03968787052357,94.16245730011129,122.79980286890441,102.37077496551956,720,1280,240.52959518088426,480.6767454206855,99.59859323395507,1233.038525476704,374.9425101277612,288.66472051502825
female,150.34033787702066,52.37700687507159,67.77231717380951,91.03578446725432,80.62796772277244,720,1280,268.73751705675016,452.1197403633975,90.22006444020269,1221.7245208282566,283.646228631675,220.5781800078525
female,155.41850909165717,79.9360958605543,90.54118363747372,120.31089840726419,106.32709691193563,720,1280,242.03555961621385,479.2769142475553,91.20431381277022,1227.8870213728978,369.2168569919623,282.06798129479887
male,189.47516377762204,57.46336888659579,77.73365007065213,102.40019947807531,84.80313210768232,720,1280,276.31911402422907,444.14600341099435,80.24556149171329,1222.9976013527958,259.40190900781425,203.1713370296078
male,180.63470621793874,51.34955132474505,70.77152427165817,92.06939828908591,77.80397942034074,720,1280,281.29604954056947,441.67777830613653,75.8586271349032,1233.7779311882366,247.9225620680564,191.42371736034613
male,189.79071923009582,66.21972241634361,75.78182931614998,100.21554036474133,82.18117534504039,720,1280,279.7338201546184,442.43863108498255,65.599825136232,1241.4935707617879,254.81020850130912,197.29700033706908
male,180.31139674275624,104.23112827871321,102.07976575643636,134.2411345018649,111.28393907881164,720,1280,243.12731247704377,476.23659345441956,93.19001735106062,1228.7346191224335,358.0122494365141,278.3185934864233
female,154.4606387394766,60.384172528300574,77.3072861698224,102.20991358259491,90.20883956844958,720,1280,257.14899802382206,463.49858495517583,95.15203497612953,1207.230663377229,313.87511866011585,242.00719358072024
female,173.23973070249667,52.61403456051293,70.31186213343625,94.10369951422621,82.67877322192909,720,1280,275.52501317157333,442.1213678831799,81.85114730490865,1238.778092789685,257.6843653727283,197.9803432296658
male,185.01475616997723,94.25790948301639,96.4727285749178,128.5191016425607,105.24644204302116,720,1280,254.24039619766324,465.1553057470062,68.07612905136085,1239.6729240383231,331.4656460095055,253.3749809435382
female,155.3786418465786,52.40214375345862,68.57120032140857,90.95964860890177,80.94907849755606,720,1280,268.9432346361371,449.0853596288094,82.91012680123465,1232.9821951993742,276.7814517208398,215.21185286944592
male,164.70060969197883,80.20302502201159,88.0530173744781,117.51198558319787,94.61367934466605,720,1280,252.9938218037814,468.22305911609726,85.26227547890545,1212.7397957715002,339.9681076732456,262.085676939607
female,154.74823713718163,52.16765801823456,67.22666920628141,90.67828004982563,79.62841895786094,720,1280,272.438493479008,448.5119041244083,73.50149681648523,1231.6384337805011,275.76579656964543,210.28499756862306
female,159.28856835477717,75.51243194190711,86.85008022311325,115.26123365338547,102.08739617848887,720,1280,249.64542067506076,470.1383944795912,98.47311508435185,1239.4552797798567,345.4393138544311,267.6203627355199
female,155.08892727344627,77.3068691922833,89.3290981184518,120.30329783014129,105.13179516535921,720,1280,240.98071605071192,475.7126024270147,98.78116249929147,1237.1206472152517,363.4534323354202,281.38016664942177
female,155.1741596784393,73.16409933074036,83.50315266815284,113.06119986964835,99.06066097565,720,1280,248.75065194585875,469.3242912088836,100.42594747510489,1229.0975904038664,342.72391513591197,264.1456501299272
female,163.29980230746858,91.72963594762447,96.65330856427106,130.18012707674427,112.74400022829005,720,1280,239.28959827166094,478.9184321060402,97.17781428810011,1226.5439306101916,376.4210430743889,287.5774947797052
male,171.54320750671263,68.51820152654548,81.20063877388291,108.47096823737219,89.11113776844637,720,1280,262.2373439245116,455.3811254002701,83.5989893164039,1219.0915138784985,300.80028288899183,233.0960171349495
male,167.55243764865506,56.08211611900125,70.57084111459143,93.26075319635456,75.50085379838546,720,1280,273.46768891301105,445.817958087952,80.26786402718587,1207.233133198558,265.27599282854175,203.362590934658
male,180.27230381141965,70.69563516055835,81.35566045411537,106.04973472398655,88.85243616953997,720,1280,266.7922172614128,451.6436069226469,83.51731468023024,1217.0564338677125,282.1408318343218,223.3870707990259
female,162.34718478478842,73.8275323761777,84.12088628858655,113.44258035014896,98.36565107352082,720,1280,254.0486904875592,467.1047350262254,88.29180440603321,1223.2836967784074,328.00270716604257,254.22446694027673
female,165.16989907464114,92.23045578668038,98.69210385798418,133.1423607122692,116.17397681908298,720,1280,236.48277694390265,482.7578495394381,82.02714636125023,1218.607487324465,378.2608797438082,294.58502868125026
female,158.43801209743984,59.905932702938074,76.11691720999791,102.32928806509844,89.90867103794531,720,1280,263.53003624193144,456.87273135804185,85.0181441359621,1231.5782808659612,300.87255388959653,233.33129519772478
male,159.53785475020842,79.51344826091723,90.7845896428126,119.27749163062049,97.9373482481135,720,1280,244.0159841624901,476.7100543299765,99.81644923635308,1233.9759811477497,361.6060135494162,278.4315899252501
male,156.9775058962729,78.64337632934888,89.61902241264545,118.07508837041982,96.8787709645269,720,1280,242.9283675992114,474.8113234450358,66.25281626613143,1227.422456176666,362.4958673495269,281.505307079022
male,192.7309794269351,65.08672462779474,75.75320777607605,99.95722195758104,81.34220134898743,720,1280,278.9202656809787,441.9950960363709,75.84409883808995,1235.7552896522031,248.52366448934848,189.85699862751414
male,192.5065740380495,65.28002829964683,75.33711116061923,100.70180622212857,81.42999325138071,720,1280,279.3096246913746,437.7722458369628,75.94523817494328,1203.943362870301,244.26381183728586,190.2987905096023
female,160.18794406306665,41.36995592961237,65.72530670677088,88.50352680236398,77.9716393339757,720,1280,278.2862597260618,444.993393583304,82.90099152063235,1229.7441009100785,259.0184957646241,201.26373803136008
male,188.67052386384756,50.11189399619532,76.56147082272875,100.20084545701813,81.94309640824049,720,1280,277.9573903688326,442.80561691118373,76.65006009248532,1216.9533216788107,255.70580659530796,201.23779340588743
male,193.02559857737478,97.76987381361901,96.9332315644254,127.87024465121354,103.5763808640704,720,1280,257.7096319912106,460.6796786422777,74.57342434550482,1215.9017924307775,317.0215590418796,248.32800886609553
male,162.63894831403655,64.52364695499688,75.71964206985047,100.18766803718559,81.61351139882636,720,1280,266.4492194943413,455.6241048388968,72.0446694489779,1232.4648536660088,295.83536950119935,225.46104254941966
female,163.80894700880316,66.67438114172899,77.61239687824269,104.96446989347012,90.5784045453285,720,1280,261.6762980303368,456.6172951782227,97.99921663820334,1205.3176870794002,302.02046976309373,229.4391451797051
male,185.25238171600247,91.88588412628343,94.84143238743323,125.99001433094872,102.10037786500128,720,1280,254.9963813973334,465.3307031001902,71.63321181349482,1205.853042737215,323.4726184644979,248.17027682682397
male,184.97252181486405,57.34445046195811,72.00895464873695,95.86944787339957,78.10148221516663,720,1280,281.80062310132894,441.07997510704075,80.18084830652131,1210.3553316182604,243.48534862631615,189.19667980610902
female,145.483140294956,47.566945303437365,65.18590818015745,88.73957004424457,77.6530784895788,720,1280,267.5678248558083,449.7988744373689,87.14762567111498,1228.744296449067,285.26516626572567,219.18401929087997
male,155.74442413682465,84.3148216238651,91.87987432136896,120.4030219952536,98.20191214477357,720,1280,240.23787253773784,478.4988628929747,87.43215782126882,1229.136688328931,371.49021284455205,286.69508851482425
male,184.17433251043175,67.60953104421185,76.82833368347389,101.53293971459887,81.93712214025066,720,1280,276.05805874546684,445.62801109386015,71.19602327679645,1211.858412622922,262.8192290282083,201.30753982402612
male,178.88446325194758,64.17705233120083,76.55991076041428,101.45306659991813,82.57862134188126,720,1280,273.0604858648899,448.65840790070826,86.69223354748674,1217.8423113324252,272.3778242634355,207.78056855987896
female,163.9515375558105,80.86884172892408,88.88745276090508,118.31511081373912,105.59946590500867,720,1280,249.0662654001489,469.7762345288186,71.37717200750654,1207.5688227597373,340.3454268810823,266.78542207814485
male,176.73919909578356,89.84699873183519,95.37442024977996,125.85475337415699,101.91522022117594,720,1280,250.44445733760043,471.8381774166857,79.4318579286165,1204.9421788058662,337.84557674355165,264.80156737767794
male,163.08837188201502,58.49132541752224,73.92885129213869,96.35463059932536,79.67035535165098,720,1280,265.73263107379887,452.18739923013067,74.0507232307477,1241.19409603681,288.844709101159,220.58521503643763
female,178.30033033923567,93.2821254306437,93.61144912410448,124.95817165565941,110.51133819564025,720,1280,255.01291900639353,466.0545445867559,73.00027875045978,1214.747445331612,330.1753768689914,257.3616946985396
female,160.52743021760693,73.92902872142994,83.58365426525478,113.31039872641688,99.5716170877564,720,1280,254.63111333409358,464.6876284287635,76.83526041374967,1204.6548703037479,326.718904092909,252.1441020516632
male,168.85144214254578,68.65584586803867,79.18939038663726,104.21516530277337,85.79325806723408,720,1280,264.78625651181244,453.7463073948537,85.16596074945065,1240.2226432189618,296.435909448302,230.28717896316314
male,185.26488736068242,82.0279316910306,85.3594844279533,113.45754253771362,93.20645196466839,720,1280,265.651347640476,455.51042596034824,88.3551101368354,1216.7623186027668,288.3593379953007,224.07086851363988
female,173.56098314647008,55.54416418136565,70.21962966972886,92.68355916809853,84.0996469808489,720,1280,276.81909749117864,443.32999029142934,97.41963885140734,1203.3865661107486,255.44857851694957,195.6259370302166
female,176.08840595104454,49.62227833769733,70.28337994248008,93.84593651613523,82.0635455630064,720,1280,279.373023576161,440.5127910022986,67.55298706076599,1223.9394001719836,250.9161008551545,195.2586976228388
female,175.88185714742332,49.84062967253422,69.51990409758136,92.13097234330303,80.91226383610382,720,1280,279.93281955125434,439.8196311598556,97.81580624167552,1235.341073907345,252.50023632679992,193.54345835761987
female,153.01713520887873,77.94200024907104,90.4932844225104,120.3781324620637,106.29392455152703,720,1280,238.19236902449285,479.73241346964835,94.83591367878904,1229.2812668170986,371.247936553292,290.9283035184092
male,179.21334232782885,99.57493607882998,99.83164316876503,130.46885537620003,107.14271244761812,720,1280,247.0669854609746,475.1929952124266,93.54851026651588,1213.5678128814648,352.4870184235446,274.0781963452506
female,166.93280230711562,66.49550638484372,79.50849602225509,106.78251823340902,92.54561203768623,720,1280,262.21172753337174,456.0542865181345,66.72563163127202,1215.260967535849,301.1512093771435,234.69740535320855
female,154.0132658827235,71.04085767180521,84.78755737785605,113.77994258117697,98.62003658044037,720,1280,246.0284514292448,472.22050670655454,73.06178042324991,1236.6236242383789,349.87178404860856,270.71534548419083
male,191.64847273198905,81.11636702070335,85.14612317313805,113.21105683845013,92.60694666730798,720,1280,268.9749131894729,451.955126397537,98.04496702230742,1217.7191431258675,282.47948321076905,218.45634367533296
male,161.31973364556873,101.01705826814776,104.47928090906478,137.5279651410991,111.34903786595125,720,1280,229.8343334475428,492.4768781432661,80.54690016393303,1237.2080491211063,407.0698804253279,315.06320922347925
male,185.427859966033,103.15060562977115,100.36118654786193,132.9923329812307,107.51850078311588,720,1280,251.37363304775934,471.1410539468902,82.18184315913938,1212.5452366451575,339.37709739395143,263.87477436488666
male,176.06599525697592,64.76964177945364,76.62804901309926,100.3406085117169,82.45554300710295,720,1280,272.36829866086407,448.07599989973124,89.13255818990481,1213.7034860518718,276.7477467570209,212.31509902843052
male,189.43475868899304,104.32542607499231,99.39366010236759,132.01732394126594,107.56365434546186,720,1280,251.38578523911863,467.16654160745384,82.91974342560894,1227.644255046126,330.42581893875774,254.33284571600765
male,194.83568582740173,67.86186525319431,79.30681165528846,106.05222863151288,87.03747493994418,720,1280,276.13540296959235,442.0069377834302,85.68622041130303,1214.491981866711,257.0011314522592,200.88772029868022
female,179.63217889047914,63.56352653065022,75.87251179640704,101.13804393039993,89.03238844154703,720,1280,272.4767525435463,446.44513870566146,76.59966752816561,1216.4298896406262,266.63070163978045,206.278028540357
female,154.09632926698302,89.66915043122742,97.9291675568774,132.3532514671813,114.82475751976857,720,1280,231.3536598617242,490.8074239367555,84.55879042237434,1207.9067495431746,401.03657682564057,311.98179403982624
male,156.78751277058254,60.044982379282374,73.90705536241681,98.07257858363606,80.35503350477752,720,1280,265.37369143740324,455.7292162057465,84.24541248556736,1233.0377772082907,300.3753114773009,231.31180632973025
female,152.04147417842594,50.107943038755565,66.88246837758159,88.86250165481331,79.27214632336114,720,1280,270.5154495525257,448.4815918169371,77.32205430399492,1226.3105839828258,278.797748019415,217.18466079589456
male,159.85822404419775,51.78365511296169,69.12901361968756,90.4370295078306,73.59326808618931,720,1280,273.7818623841481,449.1487344554584,100.3040589866171,1239.806976419541,271.6755931831019,208.51555748607066
male,188.330593004543,63.98405640116684,75.8683954451737,100.16833695256734,81.41305794884926,720,1280,276.560307561571,441.4855999895391,91.34242233891598,1224.4601264767366,255.87147582029934,195.57931342931616
male,165.26132127194708,94.66364937265075,99.33461677273989,131.17362231967195,106.36641818125345,720,1280,239.20884422027402,482.35616919195775,101.10412937598173,1219.7783333025727,382.4861454205246,295.05414424155373
female,163.4274105619729,72.67737273297323,81.90367815778153,110.95951866170375,97.88745987624159,720,1280,259.61244173410336,463.57501045868315,75.05762535092873,1203.9680347077447,317.3696472531625,247.68719452321372
male,179.84335138815183,68.91023019311692,78.27921934735797,104.15685422769175,83.05297292866891,720,1280,271.4118108720263,450.5754665155064,97.15582628413202,1234.7939262277762,274.33149354461926,212.4583008600023
male,179.80888716581177,100.13392159996756,98.08202574503872,129.9943855097182,105.36442873801026,720,1280,247.9889419100803,472.3186196822936,65.71653471871905,1225.8357857176363,347.35522927528444,265.43531863883544
male,166.05034561777074,87.29019065338751,92.07978144833547,122.79780849786421,99.72810577087704,720,1280,246.98161061444628,471.7509914549004,77.20841131000324,1218.0289082314428,349.98039328879577,270.0940946762236
female,178.75098421204254,58.682327740624785,70.90321135797944,96.05479426909355,84.97129887531437,720,1280,279.1314812064479,439.4551219663864,74.48085397062346,1216.1436110444693,252.3821793782567,196.41954532381143
female,178.39874320350407,68.07419722811862,79.42526149733919,107.09220673742438,94.43869176589014,720,1280,269.7797395549511,451.7923160250362,74.37038874106577,1206.7964981920509,283.7476886811435,216.70037260683696
male,177.17418293333543,100.82761065225911,102.03686977273698,135.84026379463475,111.0894733515176,720,1280,244.21510173163662,478.4661901682541,91.20426422102753,1230.092512529748,363.7163733864699,278.7400979072195
female,169.73245137364927,84.74273107053635,92.20741943981378,123.69458758994114,107.61330136370697,720,1280,247.6452467177695,470.6796134169325,78.66107963383548,1216.1258566487813,343.68535462355777,264.4612558812397
male,156.5602284366861,85.97125303824708,92.72942606688854,123.55468505444053,100.42453207153169,720,1280,239.88613388842998,479.70676700851436,74.66400468892941,1218.382910483816,373.2141530979355,288.2156902087651
female,153.53886382167263,66.82679671543703,81.98246978198122,110.83524321651251,97.37901413250475,720,1280,252.36832503713552,468.79891494735836,96.85986196543986,1230.4380824869659,335.63944809404614,261.23106534515426
female,153.86423226404,93.752146800874,99.81861065901109,133.04309933576988,118.63933955595583,720,1280,228.55510638803293,490.1812539427804,83.69512523797567,1209.3246409113399,411.62400896045995,317.6410182478459
male,190.7154864977785,72.32599919735213,81.55095388652934,107.63141393188869,87.36441879607327,720,1280,273.1015553897686,447.93867448700263,67.85791842437148,1234.033923780607,270.13326409083055,210.42117842593137
female,147.43303633160983,61.24296174811463,78.50429222714544,106.53781683915959,93.04559647599089,720,1280,250.92491207587577,469.2720189616242,73.65362472721503,1221.0206675962336,338.04725596578146,257.60895821953613
male,179.75875988711752,105.0871956220081,105.08711076707965,138.16734933391265,112.9434457081637,720,1280,242.76047482064237,479.8215306804543,76.71853717735048,1204.087368075846,368.0922942358133,287.76423858700133
female,153.57856120988387,40.90697864840074,63.42238878847602,86.1972408304795,75.14726030028633,720,1280,276.98337914091667,444.90477949143656,64.60896305053465,1203.3945209502847,262.21949946947996,203.2844447494871
male,171.2755944808921,100.79897643596965,102.68829576567272,134.1832339384838,110.25271055031695,720,1280,236.85366450113017,483.32369375508875,73.1026104320169,1226.6876398577692,376.84521928210603,293.70118303909453
female,163.0830674208814,74.00456111664616,84.90610298963942,114.41791664779794,99.22436052963828,720,1280,252.88897297269767,466.5206302426393,74.35017769953478,1222.3888528415937,328.5105791450898,256.9708253647281
female,165.98009280831732,64.78527990367002,77.60567264411092,102.84198934882227,93.0244435746843,720,1280,266.30017839740214,457.24873695313244,73.25536794540858,1217.76452562618,296.41103812492867,228.39770700461256
male,163.59100165261745,101.99276840441323,106.90715439031779,142.03222152401244,114.49685236911624,720,1280,225.4665870643021,492.8103748104712,101.9890214851818,1227.7449767662683,409.73981192521387,320.3421000706044
male,155.25314091798037,50.59994313964338,68.51411060762457,91.38815066653805,75.37510673591468,720,1280,271.587809132471,449.0370375013599,72.81718633001891,1235.7313483466783,276.38787091181536,216.37055426965134
male,193.11102981963,79.76383531412495,85.88625119993803,113.95812600147929,92.13697067510545,720,1280,268.38959149266066,448.7454546396906,80.7259384455676,1238.6777167559342,281.2742485031598,220.42631644242098
male,156.46972754419642,98.55472738567455,103.95512190857701,137.44502728983005,113.5058059732342,720,1280,225.6861963754802,495.33608815555715,97.90212719704378,1239.9988967597917,422.1312706899268,326.29106523715467
male,178.34582788095804,61.6613278715681,73.91960285616027,96.65198780210201,80.16490411716227,720,1280,275.03229433953743,443.29655731485565,75.54427711997924,1204.3554597694297,263.9817229522125,201.20466553024133
female,145.11697708270188,89.68031225667366,99.47666651652605,134.6096964716926,117.56433859910496,720,1280,218.68783538827998,499.6163043936985,74.36036341903132,1214.7548920029913,430.23061275684944,336.01485414342176
female,173.77549818883062,90.26632917275536,93.27278635961423,123.76844947994222,109.21832534310134,720,1280,250.60198223714477,471.0644024732252,83.32811377147283,1218.2955538656192,339.2190414817261,264.9346851370916
female,166.5277164224549,66.69033721619238,77.28331272981534,103.27484386134473,92.65737652154242,720,1280,265.93297127580826,452.6943377785519,101.39880227473746,1206.2610210303733,291.165839034356,228.83383217074797
male,189.57865800284125,96.4743280437196,95.88519418279587,126.07742214285015,104.67409210282835,720,1280,256.97584452294444,463.2623112509549,73.41832296261758,1240.4666484000982,318.74481551803325,246.30596088607948
male,157.29698212292865,99.51080154707388,102.92969620364588,137.2568833547259,110.0543697271909,720,1280,226.14975374877275,492.6738440230304,65.94214684248718,1233.2166825572062,415.6807015959194,320.517070935051
male,160.33094643325444,65.1015880191702,79.51393930140041,105.25670480926848,86.4168828019072,720,1280,258.64345956289776,460.30385943953314,81.8089069069249,1209.2300130150663,311.9531093123529,240.60000326683465
male,174.4624514090966,104.94414950921183,102.32382058624164,134.4209695130995,109.36574560928725,720,1280,239.85349326504908,478.614827117353,80.16424626210315,1231.5399999422066,371.58830520209307,287.58019308910906
female,173.74898616887776,79.84034814586639,88.93847078517064,119.6821776867789,104.3619022253531,720,1280,257.31080878368294,464.4664635021856,78.07050833901393,1238.606804549988,325.62749460770175,252.04555812192106
male,177.1821862145974,58.45864770090287,70.48372696393237,93.34648928483547,77.05974640658827,720,1280,277.3223158779457,441.3446436721047,81.43988495766529,1211.1902940850619,250.2324428694204,192.28230636151022
male,168.1602666470214,80.6420474048174,88.0179948526397,115.42491617113306,95.14057549951673,720,1280,251.5472934228997,467.7746150352025,85.35486334305169,1210.347092867984,330.40212079129594,258.2376421795117
female,172.8011148814468,53.50259892691146,68.4966045133491,90.49784039549864,81.8331265562987,720,1280,277.90395684838813,441.8318563654599,79.92119542163893,1224.4064089270248,247.69010500362552,192.69300973388303
male,180.51744733807013,52.030374342917895,70.55712081357383,93.3100046872376,77.0914286780305,720,1280,281.60573026298977,440.6801652381047,99.6768538580844,1234.1619965243744,245.0439240053596,190.99248384991424
male,181.6499075702659,80.95503113367988,87.83130062922557,116.48346700352562,94.86574136583931,720,1280,262.6108598938488,459.6849758193479,70.49278526704418,1216.7650958767342,306.26174949142575,233.97695277092845
female,146.3602363860374,65.33559550963196,80.3734268939486,108.7915639717648,95.03920453070356,720,1280,247.80702039302932,473.4248279650675,96.59499533714695,1229.7512676400595,345.18903731312645,268.5823607741247
male,164.80680569243626,54.35405794455376,68.67415445356285,90.27071089274477,73.12015714705349,720,1280,273.84206974347836,443.61047899441536,75.32289494125055,1234.0423721867849,265.6399596547423,203.87202172975046
male,162.87657389119266,52.24184391502292,67.61806819739202,90.16306808025132,74.31805687990412,720,1280,275.43468622109316,443.74116215851114,80.66756021119646,1203.7285450277213,262.0364715554351,199.99486234219094
female,169.39991175253004,85.06638649565079,92.07763630712532,122.19874459844611,107.71953874381867,720,1280,251.25101197469834,472.4680012208025,92.66675427976756,1207.9533396293464,346.13840695925796,264.3110039542946
female,161.83893777707817,71.26671087481512,80.62617111701664,109.47150925162225,93.67815552824952,720,1280,258.89805977728133,462.52894729371775,82.23891905317652,1236.949673659236,317.53868846749106,241.62724464571778
male,189.64936145472933,95.89610168629275,94.49453886882867,125.90868485617061,101.22017796611559,720,1280,259.82606649559847,460.1265091057602,70.52732260478608,1232.531496848455,316.93559079757654,244.59688202016505
male,181.55391163948917,73.47159433307137,80.86629261011781,107.90679665502317,88.63726604939387,720,1280,269.76404347449466,449.3794120657395,67.15646542693736,1233.625890592938,281.8064268776097,220.20777035547712
female,153.21832309021548,88.533990554758,96.93021376095518,129.8117968452626,115.39420550754926,720,1280,231.05567639459042,489.12029605193766,78.9430116336182,1239.8802200107114,396.9712801269053,310.88305744467675
female,167.6325364889782,45.12686484620015,65.97139320308055,89.57692747878289,79.23143154322045,720,1280,280.9416581700747,440.4712868465409,75.21329319292354,1203.5620676446135,249.44384542914702,193.42089790182948
female,172.11270132648897,47.392370038834706,69.76324877527583,94.7361716065988,83.44194732736045,720,1280,278.4832309276718,443.84057667690365,66.5639970323445,1209.1261770292092,257.2325633925122,195.70917167303662
male,190.04697442187262,51.146308981235286,77.85040048109947,102.41929334827255,84.36403701862571,720,1280,276.99711590503375,442.4109091804694,90.51669230936173,1219.8688511943783,259.6110245135932,201.89485141507598
female,172.76527053508883,91.523041426797,97.33785286974545,129.61605141519908,114.07892139463351,720,1280,246.62492851665547,476.6472811015836,100.51061473304219,1233.4291910866132,354.18265816708555,276.69390901760266
male,162.66623683515544,72.3218373225811,82.06837476487378,107.81387303650034,89.76566167142028,720,1280,257.6042326125407,462.32267601210003,100.77145721821061,1224.771758901713,317.3525011565682,248.77504034401434
female,161.3710803524199,45.30891066897636,64.82997491350608,86.19299236609139,75.69607774276409,720,1280,279.99798870440753,443.4108122321033,82.94276821008441,1210.3386539419323,252.4931481658491,199.00304324578002
female,151.08042722569218,73.2054773377173,84.51196253534604,113.45281494649439,98.5705608721597,720,1280,245.66131385846276,472.8880021552581,91.57485660934314,1220.069663597555,350.8612248185466,276.3348487206526
male,156.72484731989607,80.44176153489178,88.49423166057859,116.15620152532885,95.84469542548554,720,1280,245.97473191609072,476.2532628697589,97.82005190991198,1216.3212008042033,355.2851152552649,277.46664880907053
female,150.55944701844365,46.9460968218521,66.92264381374473,89.3687554614079,78.3724205970313,720,1280,270.77719483340655,448.88269607723606,65.65268527947367,1215.6815492362532,282.24820175920587,216.22426227755273
female,154.07153702779564,84.06304056037297,93.09990920427413,124.8345012817912,111.24199644409383,720,1280,235.2104189963914,484.2994522707578,89.89844640544932,1207.7521096941364,380.97763660999425,293.8367753512727
female,167.9788916638879,62.12762254581149,75.09180319935386,99.46134442336687,88.19427667164592,720,1280,268.8568652794526,453.00501077555265,65.56641279129761,1214.6743651956049,279.4805624662992,216.0599340744002
female,158.63218855005678,41.37849737393181,61.95617430970186,84.37105765137599,71.66895647972662,720,1280,279.454459225276,438.165033352683,66.26641747856144,1240.2622980694182,243.86368457677293,190.7202898850036
male,194.6925019430341,84.85440782074441,87.16286372824983,114.35627989817031,94.73319563524922,720,1280,268.75166992288,449.6993056668136,66.33946566816599,1221.6137917377423,281.400922421568,218.00841189866847
male,159.4900178606147,67.98896944988427,81.77426572256822,107.41476812132007,87.92866803639761,720,1280,257.5411986336114,464.38052034473884,77.06739527691923,1216.564514771847,324.4463806386366,252.24967701890955
female,156.495286318551,47.89483680456878,66.92811764935466,88.81515827034502,79.4342204042695,720,1280,274.8280048876224,447.20328769425583,81.55162989239435,1226.1681710010532,267.5331009536377,208.53694017752474
female,175.04714599096957,48.5947748674386,68.47479861114938,90.8143982296658,81.29385054502684,720,1280,281.9281952002671,437.756661534664,94.31096597401034,1208.715910885327,248.35215009631202,193.89058800071865
male,158.31724446686448,87.09781760240784,94.8820461294167,124.63174111832795,103.86160170992409,720,1280,237.62295761674034,483.924143521432,94.25399159578373,1229.9219000315115,380.7149130006836,292.10769313960714
female,163.282784275203,56.64234210591339,71.50915823007425,95.64161104729071,85.75209606163367,720,1280,269.837830749228,450.87249408495825,97.56441496680259,1241.0664164780371,275.41321854488825,215.74229989031497
female,146.5712507177028,49.11448062918634,65.87748049624955,87.43427014558156,76.69152632773418,720,1280,270.361401567316,450.8327281127984,80.3294464369634,1219.0832569735162,280.9974870027403,219.26176134955512
male,167.419150580343,99.99084639860732,101.68304909795408,134.4599151364053,110.578973002646,720,1280,234.8536466774692,485.1157364114283,99.96944432121943,1215.1775477419071,383.37331108771366,297.5760030152349
female,156.49637630451122,44.36599897104964,64.06347633014427,86.06670719711134,77.03039267334948,720,1280,274.83363952403323,442.4729796877894,85.99553765575129,1216.2842431639197,257.66177566961466,198.95386182620146
male,176.4057171667606,84.66185435512884,91.04791410626852,120.44870188851044,98.8543937297377,720,1280,253.95295160223435,466.801849904578,83.05149546402484,1219.5714057495932,328.69117222755455,250.71676551141863
male,177.5090046256129,79.00262240240387,84.24147850171008,112.57787752248244,90.16677308428083,720,1280,263.1990195606072,457.01573623958984,85.45553418145812,1207.2445983732202,297.08377936743955,231.53610623923925
female,145.22928245589964,59.62307065273431,74.9266476656847,99.61848258116846,87.83231444779696,720,1280,255.34122967414885,465.63901895487834,68.58834571168447,1217.651654131295,323.1560828917477,252.1204926558448
female,176.2526459836331,79.25146877139258,84.55477552643124,112.82272943906193,100.35578574670859,720,1280,261.0286206284951,458.89581839094734,97.8226569441923,1217.4837443829229,305.4799906782356,232.60761330681905
male,158.9461227698317,82.6322253508516,91.8064543771077,121.64061856746284,98.12362460082377,720,1280,243.4423338657902,478.3994499121491,80.16466027664066,1241.358575377899,367.2392978409287,281.8651560333545
male,186.50221223815922,89.87428490520747,93.79305683182865,123.90001523351063,101.05520986249041,720,1280,256.86835398240396,461.7812494498996,86.71438939993223,1221.9994073604853,316.72445873062014,247.9896853408273
female,178.9827394326986,41.557093198538375,71.98828668068462,94.96842066984942,85.25756773436146,720,1280,279.9400942458145,442.60118038320024,70.72207619719534,1228.5977028141015,254.29024794828476,195.59968931619372
male,172.00238389899627,57.68695447732428,72.86902856050402,94.8734187768205,77.20882180785559,720,1280,271.71669240420186,446.5095098954696,70.61538922994347,1219.6944308582038,269.7722218231082,205.0451662252551
female,177.37514409809498,40.09563648898371,69.21795476382697,93.64647299556358,81.01852591318014,720,1280,281.0250391568128,439.6371596721516,74.63490562391253,1207.406998070248,245.1591999245923,191.41858746241945
female,167.37224846854366,93.77432463736858,98.3845182560954,132.8571917381547,117.5637311195692,720,1280,241.89206725492502,479.32266024386547,74.71603884703372,1221.2685780439087,368.4658677651494,285.26971243318906
female,148.92209584237048,56.183623767347974,71.7071258065519,96.7692873271881,84.49578598936007,720,1280,263.2489796318884,459.3213002210425,101.43457063671597,1220.2748132326926,301.48274067477337,234.42790038380178
female,147.84485090670447,43.57905417150131,61.169473000316586,82.45480654535145,72.03283501048816,720,1280,275.1857612547912,443.991278258868,67.00577271694854,1211.2052349207383,260.6383378986059,201.58335406769848
female,177.46127696708555,55.37848834496497,70.5583918434599,95.90625529634876,83.04100972037376,720,1280,277.5737232362572,442.61155108302955,88.88751738142045,1237.4103229845314,253.02624386631038,193.43102990744774
male,159.37828121070933,52.995999126424245,69.98720923927141,92.71395992820909,74.99983734231303,720,1280,268.9017753575487,450.213391637064,70.87174640763267,1223.2576790925036,278.5959341278386,214.39984613071326
female,179.7853604468333,63.24842580202214,75.59981214597825,100.84220578440767,87.71747676858529,720,1280,274.73910569809294,445.21904837703846,64.00999547520219,1231.030273084826,267.77682117564933,204.60534248159175
female,151.9943807287283,63.25406846241347,77.96218100771856,104.65512895949688,92.30348630078241,720,1280,255.4704479570083,465.04563274427977,83.14022235769785,1211.5400582147586,326.46051814574065,252.57356784217643
female,170.7628928273667,66.77299705715194,76.58767010261923,103.66324680505329,90.72342366877724,720,1280,270.5500144005633,449.7211892086832,93.33043713818988,1232.432219863455,285.45925332825664,221.53048639977624
male,192.9984086446446,55.43346134270851,78.20917969604132,103.04267010567568,84.55627596176254,720,1280,278.9499188358378,441.25789505964104,88.02807848528388,1215.0713827693864,257.29085480284846,199.91277917524044
male,193.60710723183104,99.99873871146482,96.64422765741703,126.39355041206439,105.84030694108088,720,1280,257.59888743282534,461.9890203348378,96.10744015313847,1217.525060957761,314.4237818198991,246.13513002017808
female,168.10118707170363,61.87244177821295,74.75396573699842,99.73696936842938,88.97496707101173,720,1280,267.5920640963814,450.5367631338107,69.71360202216422,1217.5176278161966,282.0296308364221,220.35213779953085
female,173.43276752115574,94.44632158441163,97.93103958973808,130.53093398874583,114.55038569883455,720,1280,244.21335753429193,476.1350968286819,101.70407978326297,1225.70709691988,354.49365705952323,274.33905012379165
male,194.29053228490883,108.46484858285035,103.02328141205606,134.84678664867693,110.07315042153137,720,1280,251.22008886612664,468.8539206355525,97.57936004947939,1207.5959537143694,334.93913146184536,259.2402092940113
female,165.76201537213598,59.042705981254144,73.91595574401236,98.5106508715612,87.81255966995089,720,1280,267.56529795064296,449.5389126629418,93.29920438476225,1240.9974200569632,280.11898931076166,217.2581869127878
male,183.19955771293013,84.4188961124883,87.01397156137747,113.81071608246246,93.34839523550497,720,1280,263.7472225328962,454.7906529843398,90.2287805665269,1220.8419388655461,300.8191220740745,232.2528542897053
male,170.4795312141355,53.490494280246814,70.3032146382818,91.63137499244326,76.49945730007472,720,1280,276.8433727126306,445.0952535118955,93.8529604759052,1240.1381805320618,262.81285586719224,202.26586651530184
male,184.67378026549827,65.01679093402802,76.99401410460088,102.13462133435982,82.75312515575632,720,1280,273.53240912665575,445.65955971912695,96.72989021443013,1220.1403077799469,262.5186149860623,201.4299211961196
female,172.38523752098564,57.036124915432936,70.76537343866441,94.47967929866755,84.95426465740829,720,1280,274.56531081334,445.3472828782058,86.88355096680382,1206.0629451534717,256.4069880372223,200.0253668923381
female,176.10978637176026,89.14674678860119,94.82970791673542,125.83804685719853,110.99920776451431,720,1280,251.6405682872042,468.0055321844771,85.39567897652262,1210.416370521475,339.4453511070085,263.6296314027676
male,189.67276330140209,94.20692485729364,94.82470390458495,123.95735188337449,103.80856010888755,720,1280,258.7182270099642,462.02983519206765,92.57909525744194,1228.6670714345328,316.18197625533224,245.61321745100813
female,174.78491169359953,56.29422875223929,71.73024535593073,95.4304991437472,85.75900128215552,720,1280,275.1336760393748,444.35268216491505,69.56603918435161,1241.5774170570544,259.2114295710309,200.38157957995108
female,156.28938954573968,67.6871192427979,82.07239347430404,109.07562995825087,97.83789427586167,720,1280,252.64899864040245,467.4182362036468,68.6651943175247,1229.17905847863,331.47129306591097,255.85269639011813
female,152.69657959347055,87.82603267052177,98.5679169133866,131.31104560281142,116.38214474754258,720,1280,230.33377448935278,489.98896116787904,93.93683097507707,1231.7035856137193,407.2878066791578,313.81766446244853
male,180.73310694207754,101.0704555557256,99.2079980986182,129.9086672012835,106.8634360375455,720,1280,246.75284496544438,471.0110688771142,72.70922306637448,1207.670663616997,346.9390362786072,268.2232812086132
male,180.22515525344818,101.2524885566821,100.81030608307515,133.62533126619007,109.41690373184042,720,1280,247.46120398718833,475.7607548339933,97.96182334027128,1234.1493620870633,350.30628072352056,272.8212866013975
female,169.82634972790473,68.98418363150681,81.5896909247012,109.75019787036179,95.12839176746077,720,1280,260.6812473244221,458.90243597866134,89.25258021136426,1204.6717628990502,305.5044234667936,232.7209331423044
female,145.26436870887756,70.68403856317735,86.02366361317539,114.59001775558545,101.10084657269196,720,1280,239.62705171697706,480.73659804631984,93.65705514493885,1231.4922958019529,373.2882081463106,287.5292703478181
female,153.4638992894702,69.07546542613508,81.41978301894565,110.14768959504731,95.19217895573638,720,1280,250.5190855633867,467.6818918824625,100.91093341799605,1206.866678819193,334.2265099632306,261.54638159138483
female,145.79813364518083,40.747204156464946,59.343423910293886,80.67232122082687,70.88404673537293,720,1280,275.91521332840665,443.04053313231003,84.6420669136543,1221.554522734407,257.1625488055307,198.24371381651576
female,146.3551673691397,65.97811523225238,82.71414300570132,112.10172422023561,96.95373303574638,720,1280,246.24059854632694,474.0221068322907,84.4004164898148,1231.5497253117157,358.2589150316483,278.07079830069915
female,173.04574569625538,46.92237798895266,68.97132791772245,91.76997038071991,82.71915000354142,720,1280,280.0833408529339,440.8425103453576,91.91746860599231,1219.1886446312776,253.55528907920888,194.30021074039416
female,148.06132395664582,58.931732504017354,76.88030881133199,103.14778066088591,90.7039337523738,720,1280,253.28641328573505,463.86637913740526,83.67634810914157,1222.123220510449,326.09511304252004,253.21830218925138
male,167.21340089511716,107.45129154936697,106.29243640384404,139.53138329746045,115.60158581845813,720,1280,230.2624540463484,487.87524899583207,77.9831040440288,1204.7508668867301,402.5783068414805,309.97535045567747
female,161.51535656735086,84.17309030165315,92.47460691458596,124.64980097422617,108.32283358405394,720,1280,243.0932150867019,475.46222643740646,94.30712866236289,1232.4207791351005,359.3198608993064,280.35305476308906
male,191.53079481176297,73.19088472278874,82.71857036674908,110.36849830575937,87.90738130529574,720,1280,271.69458117962364,446.13918143859775,101.89950851791093,1204.036146792822,275.7428623384074,213.89755723715257
male,194.9975319887306,52.042974945751396,77.56171381832488,101.97640476036167,84.62975214651725,720,1280,278.1016114694217,439.2773650746924,69.0919385844736,1237.0933787845888,251.37692968465817,193.41381834993885
female,158.0558851201428,47.97752872862194,65.56902727507776,89.23059206176127,76.93111900056105,720,1280,276.3836085148277,446.4117898139569,74.733083707043,1211.9259767229246,261.24062641381545,204.65707890215398
male,166.14662563709905,65.90837716358908,79.89191850850449,104.66846599704854,85.83896819431156,720,1280,261.99782327074956,459.2089104677274,87.11172336714964,1232.7732729886839,305.3772549726458,233.99695883655346
female,150.65682021570717,79.7880824866966,91.9719140568173,124.0734261370296,107.53617083092104,720,1280,233.87954821367802,486.02312774432914,94.30718494700929,1232.1586973744293,386.51995815609735,301.1801595503717
female,161.12505102430399,80.82741497794987,88.09185684266504,118.61428532330595,103.98769195787769,720,1280,249.5564612172834,472.1569878166634,87.823663088431,1225.239492320582,345.27895718539946,267.39761806012683
male,177.9627882329267,96.52629901232484,99.72941010262352,130.18666766935826,106.32114702093038,720,1280,247.72839890155964,473.5599214551723,100.42691277661666,1225.2324437456562,355.80511968013633,274.90762407524915
male,163.8651628234826,96.6185937537992,102.02269391377773,135.03452024878592,110.98396099648681,720,1280,234.86281962515628,484.9268035847547,83.79395408759721,1223.810186811735,394.9484629281527,301.61386032876555
female,155.49077147879555,55.63150165708437,72.90151721830955,98.7325508080337,86.88803481752903,720,1280,263.8131501858776,453.7939635645229,86.65178124733939,1235.435494272417,298.4483999750492,228.7869879914903
female,170.0961119020923,85.95885712336565,91.11598868900587,122.91881449720785,108.17838530091055,720,1280,252.71760769926442,469.9233589634113,70.5926029832024,1213.426342727685,341.0316254491324,263.58568002019035
male,164.90249516423924,68.57718852607086,79.47556307507357,105.50128274760527,86.63656680778013,720,1280,262.2224279025624,457.36805291389174,96.22071813077523,1220.629241468516,306.393224694739,234.3163923440861
female,165.9529904903994,72.77717672031346,83.00405492561876,111.78769122001894,99.14445938825533,720,1280,256.19017706935193,461.2879094157332,80.86213301580388,1218.4355376063083,317.1382393447408,247.0820831819816
female,173.09846378786528,76.54317652615408,86.69013063817884,114.89224114405911,102.70427946506597,720,1280,256.1639598337911,463.1722471481628,67.4593090687997,1239.5843894430034,315.10504143016715,246.4106503139488
female,154.69267290509686,83.82191222319062,95.44001379272338,128.28098597612063,112.89138329707559,720,1280,233.1860798259546,484.4833459370967,83.0580766226341,1240.5108274351223,388.00417041258254,299.2310837665028
male,191.916535375323,109.03437898991916,105.07740603889481,139.60332088938532,113.07330868361583,720,1280,246.61179418811184,469.82066510877087,95.1474155762839,1222.0640345496563,345.91434456347764,267.88937646603745
female,176.4249175176632,68.10297504290628,79.71377950610406,106.55901550504697,92.8391645587564,720,1280,266.1040561378334,453.1110934106454,83.40466511510327,1230.038534568562,283.1537872990343,220.28062289738298
male,186.79061831298787,80.16525394405255,84.2140492342316,110.28866864643193,91.91868599924095,720,1280,270.12706291895165,452.0933415807516,66.15585236025984,1214.990978655097,287.62662674561284,222.49078816862126
female,149.64322248119572,79.91331836589956,90.0259469541679,120.1525198820109,104.89511022578456,720,1280,238.06438645740312,481.2208978283339,76.28987264172987,1226.7536596074915,378.710330123873,295.4742735117219
male,193.74538249454656,87.99354354241657,88.53047327346945,118.04852462901043,95.19782914493823,720,1280,265.13746748384597,451.8345923412585,89.50470160809869,1226.7579149962646,288.743717561962,221.761545256719
male,192.92971052371803,58.12290605962807,76.67938947748374,99.93857321121585,82.8192094627223,720,1280,279.21672566191967,439.7246425997024,83.9622281027653,1238.429413489252,250.27364957661248,195.09713906006925
female,159.74675988388304,44.943166700536906,62.37473782491991,82.48717983172837,72.45190567420335,720,1280,279.4572365402034,440.08305214394426,68.96818975127823,1215.0873909608185,249.53248548397306,189.4103203849785
female,160.83011138276706,42.95336715061856,62.3724629337464,82.15935311171208,73.96209786384533,720,1280,282.539327775383,439.36728290343075,70.2833440025675,1221.4368836488115,242.22732510341046,188.62155794887312
male,169.6448596113456,109.77549421446524,108.3974278797112,144.08946196613286,116.27957460609083,720,1280,230.26720123130048,491.2047649608359,67.8873156028589,1235.0476686637896,404.8764607206497,313.4694947730976
female,174.73330942529557,77.98463397161532,87.10098213316166,117.4129220814378,102.30179302186743,720,1280,259.14205037798325,460.39626160586675,79.24104883906658,1239.1218718587131,315.71615934826264,241.82685783618
male,182.347756284702,109.77829383598332,107.6618004241246,140.79405204319602,117.74947412328605,720,1280,238.97775362939203,479.802755096752,75.80820946099523,1240.825480494496,375.4122172993356,286.1792189924808
female,174.3646336428073,47.132208086459066,71.46806295868822,95.1289317902491,83.4927212233698,720,1280,276.9268553693678,445.3860248007698,86.90092765313771,1213.8917311390733,261.5262244037346,200.8112127733954
female,162.69343982027513,61.048814532354925,76.75881059648015,102.87582129923764,91.88857153104829,720,1280,263.3292582346003,456.4293188257638,84.49151477421474,1215.265752924866,295.5052114544892,228.68228076385657
female,164.84315146825386,47.907252057555255,64.49405264963536,87.37049643727028,75.4726010399208,720,1280,279.466049476128,438.3916637406838,66.98030765702401,1229.9564901822087,249.37362355156813,193.3112739530031
female,168.41507631397127,92.88301206848283,97.17686511682581,128.82055129789867,114.17229256489269,720,1280,243.51389536426544,477.2621445231337,91.38463034753194,1207.9296681009223,361.87747415161664,281.5982163625516
male,186.29521391179512,89.85317888905843,93.20314578982246,122.60281730541986,99.89879495048741,720,1280,259.36419278992713,461.72854409031817,81.04698085701716,1219.2949754727174,316.96958937382846,241.99056451701904
male,177.67376977832566,93.2590748502059,97.62593378240074,128.85156528299234,106.58001583030273,720,1280,246.60490055578094,471.494645575135,84.20219089639724,1220.049486947222,344.5624869497059,267.9056912949068
male,187.8605434447653,90.7375501854876,93.09471787818148,124.26148647822724,99.94366456410538,720,1280,260.75054016314715,459.96397610013554,71.4006009274164,1220.3264612837654,310.25676158753635,244.09844709358111
female,171.64263616115804,81.63114098054568,88.34101462957017,117.13430422613675,104.70748439123417,720,1280,255.60067288661446,463.9614059076335,74.54482188221138,1222.7339855828952,326.461128137797,251.8263869929417
female,163.73521794656926,40.44976510471995,64.77512491696913,87.08657348525647,75.46925417861954,720,1280,278.76467983677225,441.9207047113922,89.37219294387843,1211.8336169328077,248.41103289622612,196.1740848911461
male,171.4515150428827,51.558978688067285,70.2112224579458,92.00769550090037,76.00336689572609,720,1280,277.6269267223104,445.0735726618843,65.1391995227838,1220.6899174057316,257.76268137776236,201.40996414517295
female,163.07934326741247,50.687935091124686,66.46213071171442,88.56305262990018,78.52343180354488,720,1280,275.72389744207345,444.334250179252,80.2835194700939,1233.70528990474,257.83304270921064,201.60840668998907
male,185.69168883001583,68.93867588988003,78.5642672335482,103.6612548462525,85.28168546259437,720,1280,273.7656273824549,445.5638681436018,85.05572499107026,1236.0576282053707,270.11015008620996,205.34666263250423
male,161.46693885599427,54.26347021678943,71.6567757702342,95.46434545727078,78.68281125611696,720,1280,269.11910426846254,448.4527926762567,92.33506667112505,1214.7918937415895,279.4463248072482,214.78545807478815
female,173.7942292068194,72.79246674314405,81.18855440463058,107.39680151751395,96.58094956055322,720,1280,264.9847578344329,454.2236449399191,102.08480788802099,1239.6204199142037,297.4805433492356,226.4952172027391
male,161.8154157653817,90.24772558218804,98.03647077416029,127.93053446944533,106.42104784292036,720,1280,238.52401748821373,482.2059499644096,92.69905131777861,1235.93868833299,380.7061433415009,299.15675031137386
male,189.32109581845114,70.66667485095093,79.24286892891894,105.82905510942211,84.89527770959728,720,1280,275.68385930027915,443.9473442994744,99.81365280996823,1231.8296260786562,263.31876786595365,204.26195263935742
female,158.23850353765002,80.53636379571029,88.3612319179006,118.90381215335408,102.96714778992482,720,1280,246.98372403392585,475.3407228529508,70.0008219965249,1208.6988019057994,350.74409694059483,273.57195480158845
female,156.2489607236808,58.30645210730432,72.02133276243181,97.23746867518926,83.77441447172352,720,1280,266.81520581530145,455.7347220368104,71.32474830625159,1230.3248946887852,292.29170625273264,223.42472797531997
male,165.9770586094425,97.01887036976294,98.89355565134036,131.48252241671088,105.70410094757166,720,1280,240.312065992599,482.1098822003479,96.45932347014268,1230.9690429132597,374.33940066208163,292.00836524500687
male,165.169906759544,70.74829650790248,80.11994908188545,104.56525379665526,85.88963083248463,720,1280,262.52272714849,460.20297551485527,101.69377520942078,1215.8615436011562,308.7040389609193,238.86462231297233
female,169.79446160042977,86.9841801004275,91.35673866073647,122.20225668661422,108.87477553888574,720,1280,248.79906786494894,470.7850179400569,88.12102219307019,1203.9142844361272,339.21897772017144,262.80247484710986
female,165.85232350022494,43.294728436466045,65.468334507052,87.72959233407428,76.55493369883877,720,1280,278.45943220013794,440.08386511479364,95.35761003028801,1210.147457667704,246.4944516020854,194.274570680322
female,162.93449698863148,82.30882282147019,90.3151121050151,122.45220140858586,105.945145185551,720,1280,247.5353138084631,471.17740656582896,65.31753165359495,1204.7973583914759,349.47581511097263,269.54856478348694
female,168.02707385445905,82.15697231635431,89.45188372369233,119.15711915043396,105.0207529486444,720,1280,251.3474636707378,470.443501053685,86.23908467131366,1237.0016575192383,333.525075693396,261.5234167642956
female,145.10529278116613,88.73327383331782,101.77005917546751,135.2233660046263,120.4085412823642,720,1280,215.96703716687313,504.2007385431372,78.7847379364611,1220.8287969692994,441.62396118975863,342.2286170584398
female,147.68104471178077,49.19526209867364,66.08060847303888,87.93587565955733,79.0710849379225,720,1280,270.21372520894704,451.91085230639266,79.3826276728234,1209.0571639900622,283.00615667664744,220.24484728207844
female,161.92494543804636,78.68447331626996,86.5018848178356,114.43124485513822,103.5465925005216,720,1280,250.31254736445038,468.1620179456361,86.81313495306695,1206.8108204447087,337.4822357968615,259.7616551235364
female,157.0853442877366,62.41363938636873,75.74742046185733,100.87671260357733,90.61398912717006,720,1280,261.4300750001146,458.1832028080322,69.24280563220735,1222.1135792592936,303.3279544651051,233.9773039596627
male,176.59889316490845,62.627099951621304,75.27303018842622,99.4372713292486,82.77306444336382,720,1280,273.6289470765078,447.5519705195973,100.13580475379823,1213.797813327894,271.5043951880171,205.85514493767906
female,173.89558307567694,67.14114949859322,78.50089165970674,104.73035329211906,91.84163081481732,720,1280,270.02810465112015,451.7307098295324,102.16059790539722,1215.1606333923164,285.9421765712372,220.95598324475998
female,149.26081283277944,42.48940569581426,63.444087617280545,85.13123188509623,74.72385151633823,720,1280,274.408560954944,448.03749905880846,71.88536006114484,1204.3582603767293,270.68825565167833,210.16893579090834
male,158.91710608010933,100.65728399980986,104.54286177785175,139.19976122985935,114.16987773246554,720,1280,226.82889272395448,494.81234485218533,74.316713969586,1217.6184214668458,417.445467465313,319.38048161909114
female,165.7124147122693,90.37335611456314,95.55073920803491,127.02323921495862,111.92800603981493,720,1280,242.14316510642755,475.6045068818038,83.36565363338254,1218.346117806023,361.742954715469,279.2468831628419
female,147.95460459912653,91.01757594000006,100.08306547214644,133.3140517094967,117.74734207045724,720,1280,222.84951960403953,499.31552284787955,101.35647402069554,1204.8192004638313,429.8801651598159,329.5778461110911
female,178.7294336574132,75.87855186059514,82.10229450028824,109.93800268243338,96.31487447398115,720,1280,264.66126497124424,455.50511112145466,91.07278625691464,1214.828143302752,290.13122887527805,223.55832071645656
female,151.97694667267788,83.88285998667749,94.48615581585656,126.23058012167736,112.50035416124977,720,1280,232.7761061536995,488.5326884778335,77.82078881953451,1225.8548140881621,391.58225553943225,303.5131719364903
male,188.80794336362464,83.73454683662725,86.32528464825779,112.48484620126838,93.19210530076812,720,1280,268.6502536115141,453.74578049071005,95.51643629282441,1219.4902786900366,287.68129863607646,220.93462823579077
male,187.59818232551916,77.67985852554148,82.21915529559641,109.29700356147538,88.12612170732909,720,1280,271.98385333699906,451.19745863537025,101.49313168252355,1219.3896071440463,275.8764219932223,212.57739081150018
female,155.18563623392635,46.3665090644183,63.092771359918274,83.48072228819142,73.9065243567577,720,1280,278.4109936710669,441.6771794272548,98.58793993658759,1205.0630239370462,253.84598737722408,196.551371053232
female,147.844680713804,93.44400546434267,102.94119039588033,136.76439080372285,120.46600197916045,720,1280,217.16028969807383,503.15093579637454,100.88750075303847,1209.3243566237052,438.44929999525147,342.0047665214287
male,181.2882302406758,81.06922255293446,87.18171515731761,116.41446004418472,93.97859573517563,720,1280,260.07551418030766,457.1546483171763,68.6345825063947,1237.1884243963955,303.87753429082187,234.53482428596553
male,183.86309071457845,82.6697367862729,86.0069135524538,113.05858303734485,94.24952086974594,720,1280,265.9710210887306,456.6406386280558,81.93718684760273,1236.147806494192,296.862787615503,228.98080051692855
female,157.23349493961268,70.58650618172334,83.69998611341079,113.50292280767492,97.9316479711596,720,1280,251.57797267904328,468.6952442635663,85.33041137046526,1235.414676534302,338.2727015741441,258.02867874149564
male,193.18766570216792,88.05929757946146,88.61042431795768,116.66509871196622,95.30511343682505,720,1280,267.1071141690833,451.5375642269399,88.45441385965971,1221.7542231321308,290.43066266012175,222.64697118425775
female,173.1750645575927,46.68167766359114,68.41339292006415,91.66450304868908,79.72279606033979,720,1280,281.31119676019546,440.28127118021763,86.82079658543006,1207.079453602631,250.20565643243458,190.6156682878337
male,166.29253354493824,69.5222999290848,78.76664809115225,102.59561292433963,83.98064393334124,720,1280,261.77624412165807,455.4909755533739,79.12093996127655,1214.5301777103334,301.4245819932156,229.93972578175345
male,156.1297494481182,106.81807688631517,110.84676373495111,147.73023359456113,119.36306503880726,720,1280,215.90879424002148,505.7482803305695,65.95732485571544,1219.6567314466092,448.9532024966668,348.4235298242286
male,186.00438574535642,57.14009742732949,72.95439043588026,97.10276041150561,80.24584081561511,720,1280,279.00676579082415,440.75399139290744,100.08175148927992,1214.5627527242827,248.3579868618506,192.09525649464842
male,178.10653902227082,92.09182349225526,95.05742651853782,126.17374509287185,104.04663871781185,720,1280,251.6271720840928,468.45562301659373,80.91969660705433,1237.4659147162718,338.2016744089052,263.16261968731374
female,161.4205307771762,81.54834357858087,91.37725773024512,123.61482468038808,107.03054936975994,720,1280,245.97633309687816,475.352023876522,98.60680283544269,1240.7032231810008,357.68731609739126,273.8160373180011
male,192.57022694043934,95.15585728365727,93.44328454444016,124.16172131552514,101.81069736954663,720,1280,259.81294154821575,457.3505430782895,64.9576801848688,1219.4254303328253,305.47963096089643,235.67672659135619
female,154.99741344021987,87.4309308985118,97.67806716270394,129.87509804312634,114.15201889956772,720,1280,232.4862812890983,490.1012842380601,77.59084132379252,1216.4508799565624,395.97239603279974,310.5454139406893
female,167.66617564462888,86.00530508831079,91.09988581557981,123.02463616516798,106.77347064316096,720,1280,247.9849242348977,471.3459542523818,88.00632731270952,1227.9906311231907,343.80576316495166,262.75404454903077
male,156.42333136646423,108.65844197890053,112.9787315387224,150.32411413189578,121.96932542651429,720,1280,211.19912995118557,507.87591863903464,77.26727818493052,1225.1608715466064,453.90652174969216,352.3239760345492
female,150.41015701507993,77.48359270249739,89.78761352413582,121.16508837081156,105.22701467885503,720,1280,238.0430298344891,479.7269487185497,68.3990822802709,1205.2216342728059,377.074732884597,292.96097074865156
male,182.49213448588011,66.86795333583524,78.04780268685045,101.85789172003241,84.05467337223081,720,1280,274.385441318325,445.44547709601727,75.22135402717419,1229.4142333195323,268.4394954415831,207.65576729890617
female,151.3349437422876,47.31107937411736,64.14955477901883,86.53380448327704,76.27035800473497,720,1280,273.33390564740176,447.5231278480825,99.85148083518466,1211.6703602268624,265.70963385682074,208.62011060650246
male,187.12161113707876,109.62927678973304,105.12038220335356,139.99684609304657,115.01829136971419,720,1280,245.5704638053389,472.729592659675,93.41677261259403,1221.1391759997,356.0126115950568,274.49807651341706
male,160.45539634612405,65.48035332717626,78.07627109817713,103.48673906740734,84.17798471775684,720,1280,259.99079010178843,460.30635362523475,94.24003957617573,1204.2633134915586,304.7982463708367,239.00558769752695
male,193.82637713988635,69.87423802790062,80.66044557340088,105.82732448026516,86.76130772638561,720,1280,273.9335477858174,443.75143235402254,73.78058638240668,1227.4367981204637,261.43389506106473,204.73250203085
male,182.06326852111792,88.73632128626899,90.72243859598277,120.75960016782113,97.93904622789258,720,1280,258.28189442684203,460.2815702649969,102.22454182488919,1237.375286038758,313.73881652230835,241.99361671936254
female,166.17959099795155,40.53946443670401,65.18703716178507,88.24069435579266,76.23859222067583,720,1280,279.5543043816542,439.3820030970183,99.96585631052916,1216.6115605172795,247.41637518319317,192.89203546335142
female,162.41128880812545,43.87742561256088,64.2975782763681,85.86257683519048,76.99269873993966,720,1280,279.19671417541895,440.5104289780916,90.3617808221245,1231.0175273517161,251.86632723568135,193.701543679715
male,189.76712940470634,51.963712982601,76.26301299894843,99.51313438265728,82.1914184752705,720,1280,279.82347745053266,442.87415241460064,82.70109037214554,1214.5247751204984,251.26337587670622,198.92481095223016
male,163.422445021533,72.60189826775598,83.50756393568356,110.37318767451926,89.93151148493139,720,1280,254.0596575120678,463.35257780105667,87.3719997614827,1225.7931279354461,324.48831736662856,247.37370645420523
female,170.9354455084851,78.46534870903044,84.82449227798065,113.70833872119842,100.56119463056463,720,1280,257.5308940248006,460.04441418006706,74.06093705199312,1240.098842823987,316.3810964774954,242.6436083378896
male,161.89308316528897,84.56200687173805,93.66474420429688,124.00232315365018,101.50166699631762,720,1280,242.0600486758323,477.40702094619587,76.39716584256439,1217.8869389049191,365.7673184172107,285.5393004312386
male,174.63853825895845,101.9556526426789,101.77250030845518,133.54381121469768,110.08691115559753,720,1280,242.46869298689433,477.64249731786606,75.36054058070596,1240.7593165768774,370.474783787277,283.95760060725524
female,159.31285160344285,88.90289169504047,94.89101199424806,126.3825651610366,111.30744612141635,720,1280,239.80042872529572,481.2017202197307,65.93896536515737,1232.901254425446,377.5827658136582,292.7720425301326
male,182.66012038904105,55.94453729603128,74.19470314634498,97.77310895920468,78.83048508263515,720,1280,276.36108740638264,443.0523337056773,67.38145296613042,1231.3301132011559,258.9897729625215,197.56298997916096
male,185.30301457471205,93.26425492639132,93.9082631739643,123.47326365896835,100.60904502702842,720,1280,258.71935440553176,461.9009389718565,73.73379857888222,1209.2087275999497,317.1418898362122,250.64110642988257
female,148.4264405819043,52.9999191688988,70.79299211549018,93.7675799780306,83.91079834668429,720,1280,264.7860803884903,455.97351067953247,91.08709207183776,1215.3983732903034,301.645896528025,234.21966758128332
male,173.2535503971965,52.480609627403965,70.77656627404737,92.65182271379383,77.1938697147462,720,1280,278.7556677571037,441.7866220286228,90.72938242062403,1214.7036644992722,255.88445865369502,197.58784684030485
male,189.83320790054773,68.02288417557503,79.59894286634201,104.3067789036798,86.89313489827751,720,1280,273.86861529177924,445.6427404491774,83.8510602148865,1214.5186815764241,266.05930455544683,204.80036457528777
male,171.14797356473,84.09530860887105,88.50412083550465,116.45701912203327,95.77730167115529,720,1280,256.0198032982281,465.65733979186285,65.06847903605453,1230.9033876761998,324.1324061084001,255.0420793229622
male,159.76679079908547,99.77094126721214,102.3455435412475,135.9190321011381,109.07626143094426,720,1280,231.01906849188973,490.161140991123,72.63848767811562,1238.2526319278334,406.3662625925219,313.7961432213867
female,152.9352722646554,73.39107781746326,87.00723771581535,116.11297204879247,101.79259423426942,720,1280,243.28834507504916,475.89503179477106,71.93625017710606,1206.8194271886323,360.62501546692266,279.7483045292511
female,153.38965753054202,59.863150956997174,74.33129006351099,98.24113906311456,86.38754299660357,720,1280,262.3731229352233,460.716845251585,89.16034993734037,1224.266025424553,307.41322212951206,235.86351233841734
female,172.97696733395918,55.93985639242831,72.45437054636629,97.78907509829912,84.41327201132647,720,1280,273.09007750802954,444.9693968789343,76.62616497948568,1211.7067564915967,265.38660137108394,202.61747688495527
female,173.03897395907538,41.61315812795738,69.48620104073662,94.41687918018057,82.59415360592327,720,1280,278.3556556527876,439.85595564867646,83.25771153994644,1204.9800346355128,251.7941645608989,199.06134593259677
male,162.7276171776307,89.37336642129466,94.47739541493921,125.58100307174665,100.89481601209977,720,1280,243.53615184394394,478.9834845024132,76.76333225881699,1234.5128501656077,368.70893304351324,286.7562837779561
male,174.0347164180189,60.85223458454262,74.06653086016033,96.84626435913549,79.43755477059422,720,1280,272.6450803871128,447.0726805506351,81.82510523023896,1206.8174515574062,271.1675659060096,206.37022935884005
male,172.42478239770162,93.56442383071004,98.1367962510818,130.74071208281782,106.133571913449,720,1280,242.24651528968565,476.6314795202212,100.49603911606091,1223.1240184005208,361.560369239938,277.0609791956134
male,163.30242305668023,81.34005803479678,89.36674753460757,119.44765017538604,96.86028377726554,720,1280,247.42433542773986,469.72273975242587,65.20185028510204,1228.1476587935051,346.6741648297762,268.09487395772936
male,164.2698863034286,96.5632169061235,101.46225727468303,133.10595374073085,110.86794750102959,720,1280,235.31355685598737,485.64758636550005,80.58515981762716,1239.5608831713505,390.86178270396545,303.4235994620181
female,165.91045861401074,71.46141513764401,81.20485713504452,107.33622611232522,95.05763730567975,720,1280,259.7860897269966,457.76239353078455,89.46542393976318,1217.7270249033704,311.28484112618577,241.0473724747496
female,159.79311434280586,66.97855812549271,80.74298410989434,106.97723696702764,95.42442060687792,720,1280,256.07363004850885,462.6272101650592,90.3725813965448,1226.481479891716,317.06072199121576,249.10848259212614
male,156.51339064362034,98.24165111286732,105.72910334335843,138.86210645725276,112.8195714112764,720,1280,221.53083942715887,499.3896340167727,79.42946574875207,1226.734488488799,428.5120345076091,330.6407362275094
female,160.2400628305481,48.122093831883724,66.99115756993248,90.4742023555049,78.32624823551559,720,1280,276.6201276541506,445.42857896053073,99.76719575519829,1226.6741671293626,265.16912857606985,204.31999634375114
female,171.12882794648453,90.12059660790126,94.76738481000471,126.02026576066858,112.35449183475276,720,1280,246.33312558999236,472.52895990713847,69.40524993112247,1216.4654672073605,346.78670943257873,273.66158250020857
female,173.70196929697633,54.798074241755046,68.76953462868426,93.64409305642555,82.54709902577046,720,1280,280.93047857731295,439.2732406268953,67.36468463032726,1223.2244804338516,249.46317317351273,196.11792634038852
male,168.30271430375745,58.81566451165169,73.80377686694106,96.93630664449418,80.8326302617011,720,1280,270.67222562915316,450.5591150682744,76.48172673274311,1215.1219040232359,274.9769339028426,215.5301743000676
male,160.67700355317177,71.92529923849067,84.73778404658849,112.03906361418196,92.66022485618015,720,1280,250.84393783416536,467.413660116231,100.28289894687434,1211.6577297357994,331.9172015148258,258.0670614139875
male,173.21102063004122,75.45388813418295,84.61910498213075,110.50831187365384,90.41091156705878,720,1280,258.7041336880718,460.3803946642139,85.88947902777689,1208.2275444891272,307.4714098503695,238.34659804289996
male,159.79304267325332,105.77129242662124,107.44185234153228,140.36461290178187,114.97743006519134,720,1280,221.08291533381865,496.3530128397683,93.94054355956652,1220.5573569902467,424.79984353606653,330.48081752802665
male,186.49676907122162,97.08839934204529,98.20679895062035,129.0382585566097,104.75831497437598,720,1280,252.57928417441306,468.79066359103575,79.57471413052556,1223.1575112004425,332.04752922576694,255.82320457671275
female,146.67953154151562,50.80817634155942,66.63731036247954,88.8281152895761,79.49672055411378,720,1280,269.0534016034736,453.810368149686,90.2631679973046,1206.1214955651265,289.65985633079396,223.9401991415232
female,172.42166317126703,93.76753237822795,96.6492462154269,130.70314645381845,113.25682214556886,720,1280,245.33401598682184,472.93797057883273,70.36561492626649,1225.727592809479,356.4147157744189,271.1082778005318
male,170.6783871001537,84.08018302112484,90.77438266469215,120.63309978857168,99.12268212321037,720,1280,252.2655251065057,469.3803944406623,74.1976370378128,1219.9370634992993,338.44644514790616,259.36731181848535
female,145.41929379746398,89.02372384399021,100.8319073154245,135.74827388717918,119.10895993391203,720,1280,216.811200731304,501.33641149088396,67.21181435626745,1227.8551899733168,436.53407279109007,341.22178479889976
female,160.24508990466938,94.20885295764396,100.67779325819858,134.46349375179963,119.92879379016814,720,1280,230.9568873612335,488.50293386889604,81.37901581958495,1204.6226076529708,396.8809812187122,304.7617054156107
male,164.61690803409118,87.27562168365657,94.9582872239765,125.80713166464827,101.29508173669325,720,1280,242.9047662542354,478.85459430721954,94.54578140513189,1224.3471798193996,365.14819539621203,283.04746594739856
male,184.67890616848172,59.943906570169474,75.45668526676538,99.06237110183199,80.0086884625972,720,1280,277.3625677387865,443.81118789725315,81.34393997613523,1222.989669939893,257.2571148351656,200.82998316124514
male,193.62058950637626,62.02041559950888,77.78664347137844,102.17625340025141,84.93915387159191,720,1280,279.17849213310234,442.1486725034813,84.69433380948354,1241.2620374041903,252.21045452489517,196.5542302024879
male,185.14553442843263,74.73016481525241,81.00000261530954,108.25370310642144,87.65080352605041,720,1280,272.10464880682554,447.4630735278821,93.26289698109584,1230.9679537033016,278.20424800264936,213.56905810507078
male,175.03652953370738,76.55063617289503,85.13345523751858,112.30020024609625,91.947864717816,720,1280,258.94872841484585,459.3763939653262,88.58651482685207,1205.127838374415,308.16090883039305,235.34285429018334
male,173.49449513906438,78.73689565378234,86.68136302031411,114.5155708213666,93.08479477999072,720,1280,259.0820530860053,462.77411412653834,66.22469376489393,1207.5324875066335,315.8578727524748,242.87793822973282
male,181.7494549414758,50.768260955155746,71.74299673487519,93.97649417290049,77.72929039229642,720,1280,279.0519553667714,441.3326872287678,74.1383738691557,1231.3127206916595,250.05646126990305,192.70753455054282
female,169.26505966176808,46.01288591830058,69.09168854039108,91.61946428244553,80.09472196881552,720,1280,274.8556936827115,444.3024264525165,83.0487895366442,1220.2080511494744,258.3208585850155,199.38558172416228
female,169.38481056495124,45.305057978064,69.49906252349915,92.46238782160485,83.22129992858578,720,1280,277.8700378925353,444.0580384377598,91.40911881362314,1221.0804604163395,256.22518637092276,203.149415672508
male,160.11627457596921,93.72257989401496,98.95615082908287,130.51274526613054,107.03329994427726,720,1280,235.6949159153519,484.58315995445514,80.5506858746417,1232.6128497578923,391.26297250312575,303.4990072692835
male,157.66852063726353,106.99429996906275,111.82870778406829,148.6253062963877,121.22599663051753,720,1280,213.93495348988202,502.72902609453246,94.85396161559873,1237.3108174871627,450.4023598575736,349.183599857808
female,178.06014504659373,66.7679283869638,79.48679262968645,105.53236769744815,94.27818296291677,720,1280,269.824476954985,450.3470034501738,93.06656346859484,1228.19109486583,284.5671698953197,218.9490365672155
male,185.19413410216063,66.68419663200123,75.68818581252977,99.66714279222035,81.89434274113025,720,1280,275.83772169388857,444.4844102496034,76.64438591653743,1215.1230740756434,256.8284737317309,199.01799609834075
female,172.13727662681737,46.32637221236608,68.93700358837864,92.71987316501175,81.95760545465713,720,1280,279.5439329851156,442.8815581401777,78.85099056792347,1203.240455706481,254.68744683106544,197.59159612879114
male,179.36349037915545,90.03925142354183,92.71016244627245,122.36279443679115,99.4262241620611,720,1280,253.00598238314393,465.92648324662986,89.42765302469067,1236.4255183151975,325.8678886624074,251.55232033828156
female,149.62362354450607,81.1985520724175,90.79044542515794,121.87074323384947,107.91502699961693,720,1280,235.74043614689907,485.184612425059,78.4952963304699,1225.780655516001,381.2595080145608,296.7056109627437
female,145.7833068836748,75.96425554023585,89.20406522113947,118.32113676774554,105.36817505238879,720,1280,235.22851573106678,483.9694568335867,69.58495679051472,1241.5865922400442,386.9250074523338,301.35907117151066
male,171.57360222514555,100.58509303062834,101.25367677488795,133.38940939371838,110.47449373398909,720,1280,238.93385553475613,479.82746073485674,80.93558488605669,1222.2296198115796,372.130752418151,291.1499681757482
female,167.43303472315253,86.48288196126632,90.96107500221301,121.67884160949913,106.23282367500545,720,1280,250.36594909571144,472.36694466081855,102.12733204223139,1241.294946255663,344.71169032388553,268.56935457117964
female,168.07802756319717,80.74121279704363,89.68140216519214,120.04630842671475,105.97400192845365,720,1280,249.6247608656229,468.9226706095135,101.5638845173494,1212.2119753107459,339.93679328604657,262.69342047494195
male,167.4671342691761,60.64866572704902,75.28484992142543,97.93284788741481,81.92434945070286,720,1280,267.43018801508373,449.7137304634233,76.5922446164595,1214.2440572400951,284.47050586774594,216.8967505914491
male,176.19529724770746,106.75063800470355,103.33875034476306,137.77397628982743,111.04558900172069,720,1280,239.22923261142967,478.4162708211074,91.94683495849478,1240.9259712776056,370.9289198735112,286.28665981942993
male,160.8751392871912,96.33712599381587,99.97114054675076,131.0111217191696,106.73198370809966,720,1280,232.72990411502926,484.83453123726537,78.79405044329755,1238.4679556099675,390.92936978025654,306.82191044617224
female,164.4086142355149,53.99427196662378,68.02637949777015,92.3130545630725,78.93851266451136,720,1280,274.8144574406297,442.9040303473824,77.29837612991571,1218.4972857053622,264.29588019021173,200.44696804875224
male,158.85558925113082,62.13605886351347,75.65770975448272,101.09315300412146,82.4759832911667,720,1280,261.5431217885462,458.9016104801639,81.08787233224469,1211.7294920195416,300.1645873651428,234.35084374450994
male,163.52333987557677,57.666039765101516,73.03890558213072,97.46093248023674,77.52895068689426,720,1280,270.34436781216255,449.76787102934406,64.35944286374412,1238.972061731551,283.2836098756858,220.1629080356902
female,171.47765600133812,74.72483439189894,81.91335676423118,109.62148915769063,97.02617988128718,720,1280,261.67491103102554,457.45487402396253,75.91586619232979,1226.9385301183634,299.5733427833347,235.64838077824373
male,191.2424546620557,83.71171455809386,89.62759789359723,117.34444056181104,95.56654188040636,720,1280,265.10305878020466,456.940970484334,73.75843371799475,1237.7211915925423,298.36955337229136,231.97284856638942
male,158.29662449328242,60.434483025641974,75.92975234363209,99.24584306907498,80.95976356457611,720,1280,261.89447755398777,456.8166528063863,97.3601463805897,1235.906658597275,302.1921041478647,234.9855132342299
female,161.28577381219642,52.90824205019285,68.1254982188229,92.33829558269073,79.33530037844987,720,1280,275.01094684067664,447.63862182998764,94.10630864704628,1228.6321468583033,267.18920221614775,204.27702571091513
male,190.8559941923649,52.240929353742395,77.26886955059004,101.4463727782499,83.18453519120108,720,1280,279.15855476684,443.3991764064218,92.32625669493413,1210.2838359971342,255.93472819992914,195.0826070315844
male,167.09126736630066,68.65644506804642,78.58730800216168,105.16460208242161,83.53520941390563,720,1280,265.5003389891934,454.0898051242173,66.68952178226567,1235.6396312320762,298.2645875115666,229.07600122176194
male,167.25264566219147,66.34823860800957,79.40666109430349,104.739514622986,84.35576269365986,720,1280,261.8002260627635,456.01671748321166,75.09510632571038,1213.0116812782821,301.69558532212574,231.83441200290616
female,145.71542555980108,72.8858483967789,86.62108636811418,116.9327198770942,102.70642162928394,720,1280,240.2974062221466,481.13135081468783,83.51430937593739,1204.6156896920215,377.0756136543471,291.64461479994094
female,167.74681039891203,48.135465680863305,68.41978593315083,92.79771385411057,81.16794254138688,720,1280,277.99585690350443,444.95844365727265,74.90735525120368,1226.7376560313155,260.0946912584034,200.90547763213135
female,146.94059315553716,88.30644639748954,97.57119383665115,132.09649101981492,114.26995042612708,720,1280,223.0757039745979,493.9672437344964,77.10031091914081,1238.3732651982816,419.2074821637384,326.0594215836333
male,190.78497395491928,71.24204909695726,80.664307692282,106.95808634735154,88.61568702135648,720,1280,275.23006551065043,445.071612951018,74.66047887502803,1225.788267640907,269.63569949069256,207.04102985341933
male,170.5630510477183,98.38675010694149,99.10294366823467,130.11727232700616,106.2884994843238,720,1280,240.0153450651207,477.3566897308182,73.50164798577802,1226.781096186651,364.71935090402735,285.2681583584329
male,191.1916567774684,77.54341565113954,82.17930179296454,109.2827521428113,87.99113072539421,720,1280,273.7649454506296,448.7416197917764,64.6770687904715,1224.229869815788,270.18730517950866,210.94026847730723
female,149.2222744648975,84.33537052916589,95.77895615920312,127.96949864785434,112.23105800687883,720,1280,231.11919295464276,489.0057924718704,89.53109861457732,1223.2718454499325,405.8678119484395,314.6743525595964
male,157.84605040490058,54.77956352596894,68.9548018947859,91.78269660650778,73.76323828311867,720,1280,272.0466438918424,448.88412041447333,69.06736586869863,1221.541203953125,276.8495527080733,213.57655288024503
female,179.16827532530317,73.61980025315512,84.2178689692487,112.72351169766392,99.43291898079632,720,1280,265.37607029507296,456.17464899638617,78.02295212592738,1238.6547300765574,298.1948973182075,228.47291410409156
female,179.64987072506136,53.84090633779565,71.72077468183629,94.80178780286029,84.09069710555525,720,1280,280.0226067228781,439.3720991049157,99.08106975162013,1220.6247309879727,252.00383610128583,192.49284484163263
male,163.65050177093565,80.25688229043391,88.5661096255848,116.51833643226972,94.23629755203535,720,1280,248.0799909724849,470.78541219725594,88.45423422509954,1227.0784008287849,339.6495261103123,264.5367490003091
male,163.72291606094467,97.76459030181934,100.49387810346921,131.49395867537072,108.03491031970293,720,1280,234.73713516281285,484.71723511476006,85.57338761562636,1237.0411423506891,389.6889839703003,298.4140028968271
female,175.04502723553742,90.74771412468188,95.62194226155954,127.24600095916941,113.32420229368384,720,1280,249.08158668400083,470.1570670136755,72.78820190612491,1228.1133638332897,347.837030197863,268.6603911180997
male,175.8605996101028,68.41517288405188,79.73192253226502,105.54483908261726,85.4970892851305,720,1280,268.6755400612827,450.4901124870256,69.49578588581646,1238.6999133659933,284.6876191236844,222.42793047786398
male,158.414898604808,93.58921210700348,99.71400435476043,130.75207516978702,106.81672487907666,720,1280,232.6160759339244,488.5557331704804,67.56332541807795,1218.0173588751986,396.7063243596633,305.3844819310637
male,187.35838516122288,78.11981344442296,83.4956340062273,109.24594384007554,91.16080477070759,720,1280,269.7618460842438,452.1858925798534,94.31754892845595,1218.906017752424,279.0458599828354,216.68849362230958
male,177.18901363831117,66.18248751161492,76.99611342351298,101.69194950351246,82.42831790092865,720,1280,270.0840942902015,447.19515404020467,97.49311806909112,1219.9774223936975,277.38616337839517,211.89975467663058
male,174.92006260723264,108.73745570047848,108.35361245956896,142.25027578162366,116.79389713530865,720,1280,233.081891235512,487.2724621787398,92.10383933810544,1221.6671288247258,392.7050787273701,300.44891590486577
female,153.30934519044007,77.95822136329221,91.14160576784961,122.35712539460428,106.64782928520627,720,1280,237.70669846192425,481.57725815268725,73.6401518536299,1232.8047245377813,374.19155055808363,289.2771829279819
female,151.34882617219384,47.53830125910548,66.10662778371368,87.91061799803697,77.19493279635942,720,1280,270.4105035759118,449.5363538274577,81.39280784178665,1240.2006381624844,276.26225315923773,211.88231771130188
female,145.94358232692542,56.76859072696878,71.94351754184693,95.23715643350921,85.67337419110227,720,1280,257.7808196416487,460.4876306770876,84.224579209051,1234.2758698773118,309.3713657670704,238.5239258081479
female,146.40278111135362,67.79917564537388,82.19631563036198,110.25448025741248,96.13467337085615,720,1280,246.88124493035244,473.233755912827,67.8583879229326,1213.0574315999247,352.89521164301823,274.93578343241825
male,172.5463227738811,105.44713806793727,103.85838339544922,137.50998775524113,112.75829594899997,720,1280,236.29896628919067,481.9370447533637,78.71563021163323,1235.6936162980794,379.62348357083783,293.9247379124336
male,167.3054999117617,58.95012650513474,71.63620064295968,94.81778888681517,76.39962948934709,720,1280,274.1385768387747,446.8663703450889,85.85633992471844,1216.2639543049538,269.039742576002,209.99973598372122
female,166.77665739315478,48.66683071946071,68.0673502082993,92.51813196963087,79.572582989207,720,1280,277.31359756825043,442.2703566610705,75.21072496787178,1207.7665065695137,259.0491006432511,201.05254450089325
female,178.21586154249542,41.5350389835632,69.44408425591851,94.12702554524522,80.77528682702422,720,1280,279.4274239797243,439.88644288291897,87.99671689570074,1215.2037695856638,248.3563011029247,191.76922845740026
female,175.51933053346943,63.38459272720186,75.3278234220817,100.6111824867409,89.72936456264325,720,1280,271.95306229283915,446.9170027921497,88.84509419660466,1218.2655857195791,272.05884009567774,210.82907062781868
female,147.07659690506947,91.46442235331298,102.73155995668071,137.58266804585793,121.31089470919993,720,1280,216.9637125194394,503.9207436054772,90.24279639269702,1232.644277556356,438.33090738201213,344.4811739412232
male,165.8783353757833,59.376561628167366,74.1057773978554,97.42304220347256,79.26621220594558,720,1280,267.4812655012591,449.9572976607454,79.13335425048386,1234.2882226995694,282.1621400724805,217.2048214694902
male,176.1658524929967,68.5226739194139,78.8026859251799,102.7723912622753,85.22689387059992,720,1280,267.1781868416892,452.6393809942103,89.20223596974549,1217.6074452749476,281.8745834439794,220.06492086947708
female,171.37462679551092,94.69946092866954,98.64134371935441,131.12829561334303,116.56259131834072,720,1280,242.60233083187262,477.59542512347343,79.6319897123312,1220.5569433733685,360.9506840058827,279.7649194132594
male,156.9124361224957,66.15583997596966,80.19794323484152,105.14550421327743,86.20454358279221,720,1280,255.42455033246532,462.3695617186974,68.80796092203659,1218.395228157723,321.6408187982069,249.71683579334265
male,186.04383034322848,67.20717027000785,76.99216479843844,100.27581472323308,82.92069714262747,720,1280,276.7852494399111,444.2688288895493,71.13425042639113,1239.489008747174,263.3231792447374,200.53011428093174